class id,filepaths,labels,data set,scientific name
40.0,train/ASIAN GREEN BEE EATER/162.jpg,ASIAN GREEN BEE EATER,train,MEROPS ORIENTALIS
40.0,train/ASIAN GREEN BEE EATER/136.jpg,ASIAN GREEN BEE EATER,train,MEROPS ORIENTALIS
40.0,train/ASIAN GREEN BEE EATER/153.jpg,ASIAN GREEN BEE EATER,train,MEROPS ORIENTALIS
40.0,train/ASIAN GREEN BEE EATER/102.jpg,ASIAN GREEN BEE EATER,train,MEROPS ORIENTALIS
40.0,train/ASIAN GREEN BEE EATER/145.jpg,ASIAN GREEN BEE EATER,train,MEROPS ORIENTALIS
40.0,train/ASIAN GREEN BEE EATER/101.jpg,ASIAN GREEN BEE EATER,train,MEROPS ORIENTALIS
40.0,train/ASIAN GREEN BEE EATER/105.jpg,ASIAN GREEN BEE EATER,train,MEROPS ORIENTALIS
40.0,train/ASIAN GREEN BEE EATER/166.jpg,ASIAN GREEN BEE EATER,train,MEROPS ORIENTALIS
40.0,train/ASIAN GREEN BEE EATER/106.jpg,ASIAN GREEN BEE EATER,train,MEROPS ORIENTALIS
40.0,train/ASIAN GREEN BEE EATER/103.jpg,ASIAN GREEN BEE EATER,train,MEROPS ORIENTALIS
40.0,train/ASIAN GREEN BEE EATER/155.jpg,ASIAN GREEN BEE EATER,train,MEROPS ORIENTALIS
40.0,train/ASIAN GREEN BEE EATER/110.jpg,ASIAN GREEN BEE EATER,train,MEROPS ORIENTALIS
40.0,train/ASIAN GREEN BEE EATER/121.jpg,ASIAN GREEN BEE EATER,train,MEROPS ORIENTALIS
40.0,train/ASIAN GREEN BEE EATER/118.jpg,ASIAN GREEN BEE EATER,train,MEROPS ORIENTALIS
40.0,train/ASIAN GREEN BEE EATER/142.jpg,ASIAN GREEN BEE EATER,train,MEROPS ORIENTALIS
40.0,train/ASIAN GREEN BEE EATER/11.jpg,ASIAN GREEN BEE EATER,train,MEROPS ORIENTALIS
40.0,train/ASIAN GREEN BEE EATER/111.jpg,ASIAN GREEN BEE EATER,train,MEROPS ORIENTALIS
40.0,train/ASIAN GREEN BEE EATER/112.jpg,ASIAN GREEN BEE EATER,train,MEROPS ORIENTALIS
40.0,train/ASIAN GREEN BEE EATER/109.jpg,ASIAN GREEN BEE EATER,train,MEROPS ORIENTALIS
40.0,train/ASIAN GREEN BEE EATER/113.jpg,ASIAN GREEN BEE EATER,train,MEROPS ORIENTALIS
40.0,train/ASIAN GREEN BEE EATER/115.jpg,ASIAN GREEN BEE EATER,train,MEROPS ORIENTALIS
40.0,train/ASIAN GREEN BEE EATER/114.jpg,ASIAN GREEN BEE EATER,train,MEROPS ORIENTALIS
40.0,train/ASIAN GREEN BEE EATER/119.jpg,ASIAN GREEN BEE EATER,train,MEROPS ORIENTALIS
40.0,train/ASIAN GREEN BEE EATER/12.jpg,ASIAN GREEN BEE EATER,train,MEROPS ORIENTALIS
40.0,train/ASIAN GREEN BEE EATER/108.jpg,ASIAN GREEN BEE EATER,train,MEROPS ORIENTALIS
40.0,train/ASIAN GREEN BEE EATER/128.jpg,ASIAN GREEN BEE EATER,train,MEROPS ORIENTALIS
40.0,train/ASIAN GREEN BEE EATER/157.jpg,ASIAN GREEN BEE EATER,train,MEROPS ORIENTALIS
40.0,train/ASIAN GREEN BEE EATER/129.jpg,ASIAN GREEN BEE EATER,train,MEROPS ORIENTALIS
40.0,train/ASIAN GREEN BEE EATER/116.jpg,ASIAN GREEN BEE EATER,train,MEROPS ORIENTALIS
40.0,train/ASIAN GREEN BEE EATER/13.jpg,ASIAN GREEN BEE EATER,train,MEROPS ORIENTALIS
40.0,train/ASIAN GREEN BEE EATER/130.jpg,ASIAN GREEN BEE EATER,train,MEROPS ORIENTALIS
40.0,train/ASIAN GREEN BEE EATER/131.jpg,ASIAN GREEN BEE EATER,train,MEROPS ORIENTALIS
40.0,train/ASIAN GREEN BEE EATER/132.jpg,ASIAN GREEN BEE EATER,train,MEROPS ORIENTALIS
40.0,train/ASIAN GREEN BEE EATER/133.jpg,ASIAN GREEN BEE EATER,train,MEROPS ORIENTALIS
40.0,train/ASIAN GREEN BEE EATER/120.jpg,ASIAN GREEN BEE EATER,train,MEROPS ORIENTALIS
40.0,train/ASIAN GREEN BEE EATER/1.jpg,ASIAN GREEN BEE EATER,train,MEROPS ORIENTALIS
40.0,train/ASIAN GREEN BEE EATER/100.jpg,ASIAN GREEN BEE EATER,train,MEROPS ORIENTALIS
40.0,train/ASIAN GREEN BEE EATER/122.jpg,ASIAN GREEN BEE EATER,train,MEROPS ORIENTALIS
40.0,train/ASIAN GREEN BEE EATER/123.jpg,ASIAN GREEN BEE EATER,train,MEROPS ORIENTALIS
40.0,train/ASIAN GREEN BEE EATER/134.jpg,ASIAN GREEN BEE EATER,train,MEROPS ORIENTALIS
40.0,train/ASIAN GREEN BEE EATER/135.jpg,ASIAN GREEN BEE EATER,train,MEROPS ORIENTALIS
40.0,train/ASIAN GREEN BEE EATER/146.jpg,ASIAN GREEN BEE EATER,train,MEROPS ORIENTALIS
40.0,train/ASIAN GREEN BEE EATER/137.jpg,ASIAN GREEN BEE EATER,train,MEROPS ORIENTALIS
40.0,train/ASIAN GREEN BEE EATER/104.jpg,ASIAN GREEN BEE EATER,train,MEROPS ORIENTALIS
40.0,train/ASIAN GREEN BEE EATER/138.jpg,ASIAN GREEN BEE EATER,train,MEROPS ORIENTALIS
40.0,train/ASIAN GREEN BEE EATER/139.jpg,ASIAN GREEN BEE EATER,train,MEROPS ORIENTALIS
40.0,train/ASIAN GREEN BEE EATER/198.jpg,ASIAN GREEN BEE EATER,train,MEROPS ORIENTALIS
40.0,train/ASIAN GREEN BEE EATER/14.jpg,ASIAN GREEN BEE EATER,train,MEROPS ORIENTALIS
40.0,train/ASIAN GREEN BEE EATER/140.jpg,ASIAN GREEN BEE EATER,train,MEROPS ORIENTALIS
40.0,train/ASIAN GREEN BEE EATER/141.jpg,ASIAN GREEN BEE EATER,train,MEROPS ORIENTALIS
40.0,train/ASIAN GREEN BEE EATER/143.jpg,ASIAN GREEN BEE EATER,train,MEROPS ORIENTALIS
40.0,train/ASIAN GREEN BEE EATER/144.jpg,ASIAN GREEN BEE EATER,train,MEROPS ORIENTALIS
40.0,train/ASIAN GREEN BEE EATER/159.jpg,ASIAN GREEN BEE EATER,train,MEROPS ORIENTALIS
40.0,train/ASIAN GREEN BEE EATER/172.jpg,ASIAN GREEN BEE EATER,train,MEROPS ORIENTALIS
40.0,train/ASIAN GREEN BEE EATER/150.jpg,ASIAN GREEN BEE EATER,train,MEROPS ORIENTALIS
40.0,train/ASIAN GREEN BEE EATER/189.jpg,ASIAN GREEN BEE EATER,train,MEROPS ORIENTALIS
40.0,train/ASIAN GREEN BEE EATER/15.jpg,ASIAN GREEN BEE EATER,train,MEROPS ORIENTALIS
40.0,train/ASIAN GREEN BEE EATER/158.jpg,ASIAN GREEN BEE EATER,train,MEROPS ORIENTALIS
40.0,train/ASIAN GREEN BEE EATER/156.jpg,ASIAN GREEN BEE EATER,train,MEROPS ORIENTALIS
40.0,train/ASIAN GREEN BEE EATER/151.jpg,ASIAN GREEN BEE EATER,train,MEROPS ORIENTALIS
40.0,train/ASIAN GREEN BEE EATER/171.jpg,ASIAN GREEN BEE EATER,train,MEROPS ORIENTALIS
40.0,train/ASIAN GREEN BEE EATER/124.jpg,ASIAN GREEN BEE EATER,train,MEROPS ORIENTALIS
40.0,train/ASIAN GREEN BEE EATER/149.jpg,ASIAN GREEN BEE EATER,train,MEROPS ORIENTALIS
40.0,train/ASIAN GREEN BEE EATER/125.jpg,ASIAN GREEN BEE EATER,train,MEROPS ORIENTALIS
40.0,train/ASIAN GREEN BEE EATER/152.jpg,ASIAN GREEN BEE EATER,train,MEROPS ORIENTALIS
40.0,train/ASIAN GREEN BEE EATER/126.jpg,ASIAN GREEN BEE EATER,train,MEROPS ORIENTALIS
40.0,train/ASIAN GREEN BEE EATER/147.jpg,ASIAN GREEN BEE EATER,train,MEROPS ORIENTALIS
40.0,train/ASIAN GREEN BEE EATER/16.jpg,ASIAN GREEN BEE EATER,train,MEROPS ORIENTALIS
40.0,train/ASIAN GREEN BEE EATER/164.jpg,ASIAN GREEN BEE EATER,train,MEROPS ORIENTALIS
40.0,train/ASIAN GREEN BEE EATER/160.jpg,ASIAN GREEN BEE EATER,train,MEROPS ORIENTALIS
40.0,train/ASIAN GREEN BEE EATER/170.jpg,ASIAN GREEN BEE EATER,train,MEROPS ORIENTALIS
40.0,train/ASIAN GREEN BEE EATER/168.jpg,ASIAN GREEN BEE EATER,train,MEROPS ORIENTALIS
40.0,train/ASIAN GREEN BEE EATER/167.jpg,ASIAN GREEN BEE EATER,train,MEROPS ORIENTALIS
40.0,train/ASIAN GREEN BEE EATER/127.jpg,ASIAN GREEN BEE EATER,train,MEROPS ORIENTALIS
40.0,train/ASIAN GREEN BEE EATER/165.jpg,ASIAN GREEN BEE EATER,train,MEROPS ORIENTALIS
40.0,train/ASIAN GREEN BEE EATER/169.jpg,ASIAN GREEN BEE EATER,train,MEROPS ORIENTALIS
40.0,train/ASIAN GREEN BEE EATER/163.jpg,ASIAN GREEN BEE EATER,train,MEROPS ORIENTALIS
40.0,train/ASIAN GREEN BEE EATER/161.jpg,ASIAN GREEN BEE EATER,train,MEROPS ORIENTALIS
40.0,train/ASIAN GREEN BEE EATER/10.jpg,ASIAN GREEN BEE EATER,train,MEROPS ORIENTALIS
40.0,train/ASIAN GREEN BEE EATER/17.jpg,ASIAN GREEN BEE EATER,train,MEROPS ORIENTALIS
40.0,train/ASIAN GREEN BEE EATER/107.jpg,ASIAN GREEN BEE EATER,train,MEROPS ORIENTALIS
40.0,train/ASIAN GREEN BEE EATER/177.jpg,ASIAN GREEN BEE EATER,train,MEROPS ORIENTALIS
40.0,train/ASIAN GREEN BEE EATER/192.jpg,ASIAN GREEN BEE EATER,train,MEROPS ORIENTALIS
40.0,train/ASIAN GREEN BEE EATER/181.jpg,ASIAN GREEN BEE EATER,train,MEROPS ORIENTALIS
40.0,train/ASIAN GREEN BEE EATER/182.jpg,ASIAN GREEN BEE EATER,train,MEROPS ORIENTALIS
40.0,train/ASIAN GREEN BEE EATER/183.jpg,ASIAN GREEN BEE EATER,train,MEROPS ORIENTALIS
40.0,train/ASIAN GREEN BEE EATER/184.jpg,ASIAN GREEN BEE EATER,train,MEROPS ORIENTALIS
40.0,train/ASIAN GREEN BEE EATER/174.jpg,ASIAN GREEN BEE EATER,train,MEROPS ORIENTALIS
40.0,train/ASIAN GREEN BEE EATER/193.jpg,ASIAN GREEN BEE EATER,train,MEROPS ORIENTALIS
40.0,train/ASIAN GREEN BEE EATER/176.jpg,ASIAN GREEN BEE EATER,train,MEROPS ORIENTALIS
40.0,train/ASIAN GREEN BEE EATER/196.jpg,ASIAN GREEN BEE EATER,train,MEROPS ORIENTALIS
40.0,train/ASIAN GREEN BEE EATER/178.jpg,ASIAN GREEN BEE EATER,train,MEROPS ORIENTALIS
40.0,train/ASIAN GREEN BEE EATER/187.jpg,ASIAN GREEN BEE EATER,train,MEROPS ORIENTALIS
40.0,train/ASIAN GREEN BEE EATER/173.jpg,ASIAN GREEN BEE EATER,train,MEROPS ORIENTALIS
40.0,train/ASIAN GREEN BEE EATER/191.jpg,ASIAN GREEN BEE EATER,train,MEROPS ORIENTALIS
40.0,train/ASIAN GREEN BEE EATER/180.jpg,ASIAN GREEN BEE EATER,train,MEROPS ORIENTALIS
40.0,train/ASIAN GREEN BEE EATER/194.jpg,ASIAN GREEN BEE EATER,train,MEROPS ORIENTALIS
40.0,train/ASIAN GREEN BEE EATER/195.jpg,ASIAN GREEN BEE EATER,train,MEROPS ORIENTALIS
40.0,train/ASIAN GREEN BEE EATER/148.jpg,ASIAN GREEN BEE EATER,train,MEROPS ORIENTALIS
40.0,train/ASIAN GREEN BEE EATER/186.jpg,ASIAN GREEN BEE EATER,train,MEROPS ORIENTALIS
40.0,train/ASIAN GREEN BEE EATER/175.jpg,ASIAN GREEN BEE EATER,train,MEROPS ORIENTALIS
40.0,train/ASIAN GREEN BEE EATER/188.jpg,ASIAN GREEN BEE EATER,train,MEROPS ORIENTALIS
40.0,train/ASIAN GREEN BEE EATER/19.jpg,ASIAN GREEN BEE EATER,train,MEROPS ORIENTALIS
40.0,train/ASIAN GREEN BEE EATER/190.jpg,ASIAN GREEN BEE EATER,train,MEROPS ORIENTALIS
40.0,train/ASIAN GREEN BEE EATER/179.jpg,ASIAN GREEN BEE EATER,train,MEROPS ORIENTALIS
40.0,train/ASIAN GREEN BEE EATER/185.jpg,ASIAN GREEN BEE EATER,train,MEROPS ORIENTALIS
40.0,train/ASIAN GREEN BEE EATER/154.jpg,ASIAN GREEN BEE EATER,train,MEROPS ORIENTALIS
40.0,train/ASIAN GREEN BEE EATER/18.jpg,ASIAN GREEN BEE EATER,train,MEROPS ORIENTALIS
40.0,train/ASIAN GREEN BEE EATER/197.jpg,ASIAN GREEN BEE EATER,train,MEROPS ORIENTALIS
40.0,train/ASIAN GREEN BEE EATER/117.jpg,ASIAN GREEN BEE EATER,train,MEROPS ORIENTALIS
40.0,train/ASIAN GREEN BEE EATER/199.jpg,ASIAN GREEN BEE EATER,train,MEROPS ORIENTALIS
40.0,train/ASIAN GREEN BEE EATER/36.jpg,ASIAN GREEN BEE EATER,train,MEROPS ORIENTALIS
40.0,train/ASIAN GREEN BEE EATER/204.jpg,ASIAN GREEN BEE EATER,train,MEROPS ORIENTALIS
40.0,train/ASIAN GREEN BEE EATER/205.jpg,ASIAN GREEN BEE EATER,train,MEROPS ORIENTALIS
40.0,train/ASIAN GREEN BEE EATER/206.jpg,ASIAN GREEN BEE EATER,train,MEROPS ORIENTALIS
40.0,train/ASIAN GREEN BEE EATER/207.jpg,ASIAN GREEN BEE EATER,train,MEROPS ORIENTALIS
40.0,train/ASIAN GREEN BEE EATER/208.jpg,ASIAN GREEN BEE EATER,train,MEROPS ORIENTALIS
40.0,train/ASIAN GREEN BEE EATER/25.jpg,ASIAN GREEN BEE EATER,train,MEROPS ORIENTALIS
40.0,train/ASIAN GREEN BEE EATER/26.jpg,ASIAN GREEN BEE EATER,train,MEROPS ORIENTALIS
40.0,train/ASIAN GREEN BEE EATER/28.jpg,ASIAN GREEN BEE EATER,train,MEROPS ORIENTALIS
40.0,train/ASIAN GREEN BEE EATER/35.jpg,ASIAN GREEN BEE EATER,train,MEROPS ORIENTALIS
40.0,train/ASIAN GREEN BEE EATER/24.jpg,ASIAN GREEN BEE EATER,train,MEROPS ORIENTALIS
40.0,train/ASIAN GREEN BEE EATER/203.jpg,ASIAN GREEN BEE EATER,train,MEROPS ORIENTALIS
40.0,train/ASIAN GREEN BEE EATER/21.jpg,ASIAN GREEN BEE EATER,train,MEROPS ORIENTALIS
40.0,train/ASIAN GREEN BEE EATER/23.jpg,ASIAN GREEN BEE EATER,train,MEROPS ORIENTALIS
40.0,train/ASIAN GREEN BEE EATER/211.jpg,ASIAN GREEN BEE EATER,train,MEROPS ORIENTALIS
40.0,train/ASIAN GREEN BEE EATER/5.jpg,ASIAN GREEN BEE EATER,train,MEROPS ORIENTALIS
40.0,train/ASIAN GREEN BEE EATER/213.jpg,ASIAN GREEN BEE EATER,train,MEROPS ORIENTALIS
40.0,train/ASIAN GREEN BEE EATER/31.jpg,ASIAN GREEN BEE EATER,train,MEROPS ORIENTALIS
40.0,train/ASIAN GREEN BEE EATER/214.jpg,ASIAN GREEN BEE EATER,train,MEROPS ORIENTALIS
40.0,train/ASIAN GREEN BEE EATER/215.jpg,ASIAN GREEN BEE EATER,train,MEROPS ORIENTALIS
40.0,train/ASIAN GREEN BEE EATER/209.jpg,ASIAN GREEN BEE EATER,train,MEROPS ORIENTALIS
40.0,train/ASIAN GREEN BEE EATER/216.jpg,ASIAN GREEN BEE EATER,train,MEROPS ORIENTALIS
40.0,train/ASIAN GREEN BEE EATER/218.jpg,ASIAN GREEN BEE EATER,train,MEROPS ORIENTALIS
40.0,train/ASIAN GREEN BEE EATER/219.jpg,ASIAN GREEN BEE EATER,train,MEROPS ORIENTALIS
40.0,train/ASIAN GREEN BEE EATER/220.jpg,ASIAN GREEN BEE EATER,train,MEROPS ORIENTALIS
40.0,train/ASIAN GREEN BEE EATER/86.jpg,ASIAN GREEN BEE EATER,train,MEROPS ORIENTALIS
40.0,train/ASIAN GREEN BEE EATER/49.jpg,ASIAN GREEN BEE EATER,train,MEROPS ORIENTALIS
40.0,train/ASIAN GREEN BEE EATER/37.jpg,ASIAN GREEN BEE EATER,train,MEROPS ORIENTALIS
40.0,train/ASIAN GREEN BEE EATER/210.jpg,ASIAN GREEN BEE EATER,train,MEROPS ORIENTALIS
40.0,train/ASIAN GREEN BEE EATER/97.jpg,ASIAN GREEN BEE EATER,train,MEROPS ORIENTALIS
40.0,train/ASIAN GREEN BEE EATER/46.jpg,ASIAN GREEN BEE EATER,train,MEROPS ORIENTALIS
40.0,train/ASIAN GREEN BEE EATER/29.jpg,ASIAN GREEN BEE EATER,train,MEROPS ORIENTALIS
40.0,train/ASIAN GREEN BEE EATER/3.jpg,ASIAN GREEN BEE EATER,train,MEROPS ORIENTALIS
40.0,train/ASIAN GREEN BEE EATER/34.jpg,ASIAN GREEN BEE EATER,train,MEROPS ORIENTALIS
40.0,train/ASIAN GREEN BEE EATER/32.jpg,ASIAN GREEN BEE EATER,train,MEROPS ORIENTALIS
40.0,train/ASIAN GREEN BEE EATER/42.jpg,ASIAN GREEN BEE EATER,train,MEROPS ORIENTALIS
40.0,train/ASIAN GREEN BEE EATER/44.jpg,ASIAN GREEN BEE EATER,train,MEROPS ORIENTALIS
40.0,train/ASIAN GREEN BEE EATER/30.jpg,ASIAN GREEN BEE EATER,train,MEROPS ORIENTALIS
40.0,train/ASIAN GREEN BEE EATER/212.jpg,ASIAN GREEN BEE EATER,train,MEROPS ORIENTALIS
40.0,train/ASIAN GREEN BEE EATER/84.jpg,ASIAN GREEN BEE EATER,train,MEROPS ORIENTALIS
40.0,train/ASIAN GREEN BEE EATER/38.jpg,ASIAN GREEN BEE EATER,train,MEROPS ORIENTALIS
40.0,train/ASIAN GREEN BEE EATER/217.jpg,ASIAN GREEN BEE EATER,train,MEROPS ORIENTALIS
40.0,train/ASIAN GREEN BEE EATER/47.jpg,ASIAN GREEN BEE EATER,train,MEROPS ORIENTALIS
40.0,train/ASIAN GREEN BEE EATER/22.jpg,ASIAN GREEN BEE EATER,train,MEROPS ORIENTALIS
40.0,train/ASIAN GREEN BEE EATER/39.jpg,ASIAN GREEN BEE EATER,train,MEROPS ORIENTALIS
40.0,train/ASIAN GREEN BEE EATER/4.jpg,ASIAN GREEN BEE EATER,train,MEROPS ORIENTALIS
40.0,train/ASIAN GREEN BEE EATER/40.jpg,ASIAN GREEN BEE EATER,train,MEROPS ORIENTALIS
40.0,train/ASIAN GREEN BEE EATER/41.jpg,ASIAN GREEN BEE EATER,train,MEROPS ORIENTALIS
40.0,train/ASIAN GREEN BEE EATER/82.jpg,ASIAN GREEN BEE EATER,train,MEROPS ORIENTALIS
40.0,train/ASIAN GREEN BEE EATER/27.jpg,ASIAN GREEN BEE EATER,train,MEROPS ORIENTALIS
40.0,train/ASIAN GREEN BEE EATER/43.jpg,ASIAN GREEN BEE EATER,train,MEROPS ORIENTALIS
40.0,train/ASIAN GREEN BEE EATER/48.jpg,ASIAN GREEN BEE EATER,train,MEROPS ORIENTALIS
40.0,train/ASIAN GREEN BEE EATER/45.jpg,ASIAN GREEN BEE EATER,train,MEROPS ORIENTALIS
40.0,train/ASIAN GREEN BEE EATER/77.jpg,ASIAN GREEN BEE EATER,train,MEROPS ORIENTALIS
40.0,train/ASIAN GREEN BEE EATER/33.jpg,ASIAN GREEN BEE EATER,train,MEROPS ORIENTALIS
40.0,train/ASIAN GREEN BEE EATER/8.jpg,ASIAN GREEN BEE EATER,train,MEROPS ORIENTALIS
40.0,train/ASIAN GREEN BEE EATER/6.jpg,ASIAN GREEN BEE EATER,train,MEROPS ORIENTALIS
40.0,train/ASIAN GREEN BEE EATER/60.jpg,ASIAN GREEN BEE EATER,train,MEROPS ORIENTALIS
40.0,train/ASIAN GREEN BEE EATER/61.jpg,ASIAN GREEN BEE EATER,train,MEROPS ORIENTALIS
40.0,train/ASIAN GREEN BEE EATER/75.jpg,ASIAN GREEN BEE EATER,train,MEROPS ORIENTALIS
40.0,train/ASIAN GREEN BEE EATER/52.jpg,ASIAN GREEN BEE EATER,train,MEROPS ORIENTALIS
40.0,train/ASIAN GREEN BEE EATER/71.jpg,ASIAN GREEN BEE EATER,train,MEROPS ORIENTALIS
40.0,train/ASIAN GREEN BEE EATER/54.jpg,ASIAN GREEN BEE EATER,train,MEROPS ORIENTALIS
40.0,train/ASIAN GREEN BEE EATER/63.jpg,ASIAN GREEN BEE EATER,train,MEROPS ORIENTALIS
40.0,train/ASIAN GREEN BEE EATER/56.jpg,ASIAN GREEN BEE EATER,train,MEROPS ORIENTALIS
40.0,train/ASIAN GREEN BEE EATER/65.jpg,ASIAN GREEN BEE EATER,train,MEROPS ORIENTALIS
40.0,train/ASIAN GREEN BEE EATER/74.jpg,ASIAN GREEN BEE EATER,train,MEROPS ORIENTALIS
40.0,train/ASIAN GREEN BEE EATER/59.jpg,ASIAN GREEN BEE EATER,train,MEROPS ORIENTALIS
40.0,train/ASIAN GREEN BEE EATER/58.jpg,ASIAN GREEN BEE EATER,train,MEROPS ORIENTALIS
40.0,train/ASIAN GREEN BEE EATER/72.jpg,ASIAN GREEN BEE EATER,train,MEROPS ORIENTALIS
40.0,train/ASIAN GREEN BEE EATER/73.jpg,ASIAN GREEN BEE EATER,train,MEROPS ORIENTALIS
40.0,train/ASIAN GREEN BEE EATER/51.jpg,ASIAN GREEN BEE EATER,train,MEROPS ORIENTALIS
40.0,train/ASIAN GREEN BEE EATER/64.jpg,ASIAN GREEN BEE EATER,train,MEROPS ORIENTALIS
40.0,train/ASIAN GREEN BEE EATER/53.jpg,ASIAN GREEN BEE EATER,train,MEROPS ORIENTALIS
40.0,train/ASIAN GREEN BEE EATER/67.jpg,ASIAN GREEN BEE EATER,train,MEROPS ORIENTALIS
40.0,train/ASIAN GREEN BEE EATER/68.jpg,ASIAN GREEN BEE EATER,train,MEROPS ORIENTALIS
40.0,train/ASIAN GREEN BEE EATER/69.jpg,ASIAN GREEN BEE EATER,train,MEROPS ORIENTALIS
40.0,train/ASIAN GREEN BEE EATER/57.jpg,ASIAN GREEN BEE EATER,train,MEROPS ORIENTALIS
40.0,train/ASIAN GREEN BEE EATER/62.jpg,ASIAN GREEN BEE EATER,train,MEROPS ORIENTALIS
40.0,train/ASIAN GREEN BEE EATER/83.jpg,ASIAN GREEN BEE EATER,train,MEROPS ORIENTALIS
40.0,train/ASIAN GREEN BEE EATER/70.jpg,ASIAN GREEN BEE EATER,train,MEROPS ORIENTALIS
40.0,train/ASIAN GREEN BEE EATER/7.jpg,ASIAN GREEN BEE EATER,train,MEROPS ORIENTALIS
40.0,train/ASIAN GREEN BEE EATER/55.jpg,ASIAN GREEN BEE EATER,train,MEROPS ORIENTALIS
40.0,train/ASIAN GREEN BEE EATER/80.jpg,ASIAN GREEN BEE EATER,train,MEROPS ORIENTALIS
40.0,train/ASIAN GREEN BEE EATER/66.jpg,ASIAN GREEN BEE EATER,train,MEROPS ORIENTALIS
40.0,train/ASIAN GREEN BEE EATER/201.jpg,ASIAN GREEN BEE EATER,train,MEROPS ORIENTALIS
40.0,train/ASIAN GREEN BEE EATER/79.jpg,ASIAN GREEN BEE EATER,train,MEROPS ORIENTALIS
40.0,train/ASIAN GREEN BEE EATER/85.jpg,ASIAN GREEN BEE EATER,train,MEROPS ORIENTALIS
40.0,train/ASIAN GREEN BEE EATER/76.jpg,ASIAN GREEN BEE EATER,train,MEROPS ORIENTALIS
40.0,train/ASIAN GREEN BEE EATER/2.jpg,ASIAN GREEN BEE EATER,train,MEROPS ORIENTALIS
40.0,train/ASIAN GREEN BEE EATER/50.jpg,ASIAN GREEN BEE EATER,train,MEROPS ORIENTALIS
40.0,train/ASIAN GREEN BEE EATER/20.jpg,ASIAN GREEN BEE EATER,train,MEROPS ORIENTALIS
40.0,train/ASIAN GREEN BEE EATER/78.jpg,ASIAN GREEN BEE EATER,train,MEROPS ORIENTALIS
40.0,train/ASIAN GREEN BEE EATER/200.jpg,ASIAN GREEN BEE EATER,train,MEROPS ORIENTALIS
40.0,train/ASIAN GREEN BEE EATER/81.jpg,ASIAN GREEN BEE EATER,train,MEROPS ORIENTALIS
40.0,train/ASIAN GREEN BEE EATER/87.jpg,ASIAN GREEN BEE EATER,train,MEROPS ORIENTALIS
40.0,train/ASIAN GREEN BEE EATER/88.jpg,ASIAN GREEN BEE EATER,train,MEROPS ORIENTALIS
40.0,train/ASIAN GREEN BEE EATER/9.jpg,ASIAN GREEN BEE EATER,train,MEROPS ORIENTALIS
40.0,train/ASIAN GREEN BEE EATER/93.jpg,ASIAN GREEN BEE EATER,train,MEROPS ORIENTALIS
40.0,train/ASIAN GREEN BEE EATER/95.jpg,ASIAN GREEN BEE EATER,train,MEROPS ORIENTALIS
40.0,train/ASIAN GREEN BEE EATER/89.jpg,ASIAN GREEN BEE EATER,train,MEROPS ORIENTALIS
40.0,train/ASIAN GREEN BEE EATER/96.jpg,ASIAN GREEN BEE EATER,train,MEROPS ORIENTALIS
40.0,train/ASIAN GREEN BEE EATER/90.jpg,ASIAN GREEN BEE EATER,train,MEROPS ORIENTALIS
40.0,train/ASIAN GREEN BEE EATER/202.jpg,ASIAN GREEN BEE EATER,train,MEROPS ORIENTALIS
40.0,train/ASIAN GREEN BEE EATER/98.jpg,ASIAN GREEN BEE EATER,train,MEROPS ORIENTALIS
40.0,train/ASIAN GREEN BEE EATER/92.jpg,ASIAN GREEN BEE EATER,train,MEROPS ORIENTALIS
40.0,train/ASIAN GREEN BEE EATER/91.jpg,ASIAN GREEN BEE EATER,train,MEROPS ORIENTALIS
40.0,train/ASIAN GREEN BEE EATER/94.jpg,ASIAN GREEN BEE EATER,train,MEROPS ORIENTALIS
40.0,train/ASIAN GREEN BEE EATER/99.jpg,ASIAN GREEN BEE EATER,train,MEROPS ORIENTALIS
181.0,train/D-ARNAUDS BARBET/008.jpg,D-ARNAUDS BARBET,train,TRACHYPHONUS DARNAUDII
181.0,train/D-ARNAUDS BARBET/057.jpg,D-ARNAUDS BARBET,train,TRACHYPHONUS DARNAUDII
181.0,train/D-ARNAUDS BARBET/014.jpg,D-ARNAUDS BARBET,train,TRACHYPHONUS DARNAUDII
181.0,train/D-ARNAUDS BARBET/006.jpg,D-ARNAUDS BARBET,train,TRACHYPHONUS DARNAUDII
181.0,train/D-ARNAUDS BARBET/046.jpg,D-ARNAUDS BARBET,train,TRACHYPHONUS DARNAUDII
181.0,train/D-ARNAUDS BARBET/011.jpg,D-ARNAUDS BARBET,train,TRACHYPHONUS DARNAUDII
181.0,train/D-ARNAUDS BARBET/022.jpg,D-ARNAUDS BARBET,train,TRACHYPHONUS DARNAUDII
181.0,train/D-ARNAUDS BARBET/048.jpg,D-ARNAUDS BARBET,train,TRACHYPHONUS DARNAUDII
181.0,train/D-ARNAUDS BARBET/050.jpg,D-ARNAUDS BARBET,train,TRACHYPHONUS DARNAUDII
181.0,train/D-ARNAUDS BARBET/013.jpg,D-ARNAUDS BARBET,train,TRACHYPHONUS DARNAUDII
181.0,train/D-ARNAUDS BARBET/023.jpg,D-ARNAUDS BARBET,train,TRACHYPHONUS DARNAUDII
181.0,train/D-ARNAUDS BARBET/083.jpg,D-ARNAUDS BARBET,train,TRACHYPHONUS DARNAUDII
181.0,train/D-ARNAUDS BARBET/005.jpg,D-ARNAUDS BARBET,train,TRACHYPHONUS DARNAUDII
181.0,train/D-ARNAUDS BARBET/020.jpg,D-ARNAUDS BARBET,train,TRACHYPHONUS DARNAUDII
181.0,train/D-ARNAUDS BARBET/021.jpg,D-ARNAUDS BARBET,train,TRACHYPHONUS DARNAUDII
181.0,train/D-ARNAUDS BARBET/124.jpg,D-ARNAUDS BARBET,train,TRACHYPHONUS DARNAUDII
181.0,train/D-ARNAUDS BARBET/159.jpg,D-ARNAUDS BARBET,train,TRACHYPHONUS DARNAUDII
181.0,train/D-ARNAUDS BARBET/016.jpg,D-ARNAUDS BARBET,train,TRACHYPHONUS DARNAUDII
181.0,train/D-ARNAUDS BARBET/017.jpg,D-ARNAUDS BARBET,train,TRACHYPHONUS DARNAUDII
181.0,train/D-ARNAUDS BARBET/007.jpg,D-ARNAUDS BARBET,train,TRACHYPHONUS DARNAUDII
181.0,train/D-ARNAUDS BARBET/018.jpg,D-ARNAUDS BARBET,train,TRACHYPHONUS DARNAUDII
181.0,train/D-ARNAUDS BARBET/125.jpg,D-ARNAUDS BARBET,train,TRACHYPHONUS DARNAUDII
181.0,train/D-ARNAUDS BARBET/009.jpg,D-ARNAUDS BARBET,train,TRACHYPHONUS DARNAUDII
181.0,train/D-ARNAUDS BARBET/003.jpg,D-ARNAUDS BARBET,train,TRACHYPHONUS DARNAUDII
181.0,train/D-ARNAUDS BARBET/012.jpg,D-ARNAUDS BARBET,train,TRACHYPHONUS DARNAUDII
181.0,train/D-ARNAUDS BARBET/015.jpg,D-ARNAUDS BARBET,train,TRACHYPHONUS DARNAUDII
181.0,train/D-ARNAUDS BARBET/036.jpg,D-ARNAUDS BARBET,train,TRACHYPHONUS DARNAUDII
181.0,train/D-ARNAUDS BARBET/052.jpg,D-ARNAUDS BARBET,train,TRACHYPHONUS DARNAUDII
181.0,train/D-ARNAUDS BARBET/045.jpg,D-ARNAUDS BARBET,train,TRACHYPHONUS DARNAUDII
181.0,train/D-ARNAUDS BARBET/118.jpg,D-ARNAUDS BARBET,train,TRACHYPHONUS DARNAUDII
181.0,train/D-ARNAUDS BARBET/033.jpg,D-ARNAUDS BARBET,train,TRACHYPHONUS DARNAUDII
181.0,train/D-ARNAUDS BARBET/034.jpg,D-ARNAUDS BARBET,train,TRACHYPHONUS DARNAUDII
181.0,train/D-ARNAUDS BARBET/037.jpg,D-ARNAUDS BARBET,train,TRACHYPHONUS DARNAUDII
181.0,train/D-ARNAUDS BARBET/040.jpg,D-ARNAUDS BARBET,train,TRACHYPHONUS DARNAUDII
181.0,train/D-ARNAUDS BARBET/041.jpg,D-ARNAUDS BARBET,train,TRACHYPHONUS DARNAUDII
181.0,train/D-ARNAUDS BARBET/042.jpg,D-ARNAUDS BARBET,train,TRACHYPHONUS DARNAUDII
181.0,train/D-ARNAUDS BARBET/043.jpg,D-ARNAUDS BARBET,train,TRACHYPHONUS DARNAUDII
181.0,train/D-ARNAUDS BARBET/028.jpg,D-ARNAUDS BARBET,train,TRACHYPHONUS DARNAUDII
181.0,train/D-ARNAUDS BARBET/001.jpg,D-ARNAUDS BARBET,train,TRACHYPHONUS DARNAUDII
181.0,train/D-ARNAUDS BARBET/004.jpg,D-ARNAUDS BARBET,train,TRACHYPHONUS DARNAUDII
181.0,train/D-ARNAUDS BARBET/051.jpg,D-ARNAUDS BARBET,train,TRACHYPHONUS DARNAUDII
181.0,train/D-ARNAUDS BARBET/053.jpg,D-ARNAUDS BARBET,train,TRACHYPHONUS DARNAUDII
181.0,train/D-ARNAUDS BARBET/054.jpg,D-ARNAUDS BARBET,train,TRACHYPHONUS DARNAUDII
181.0,train/D-ARNAUDS BARBET/055.jpg,D-ARNAUDS BARBET,train,TRACHYPHONUS DARNAUDII
181.0,train/D-ARNAUDS BARBET/056.jpg,D-ARNAUDS BARBET,train,TRACHYPHONUS DARNAUDII
181.0,train/D-ARNAUDS BARBET/031.jpg,D-ARNAUDS BARBET,train,TRACHYPHONUS DARNAUDII
181.0,train/D-ARNAUDS BARBET/030.jpg,D-ARNAUDS BARBET,train,TRACHYPHONUS DARNAUDII
181.0,train/D-ARNAUDS BARBET/058.jpg,D-ARNAUDS BARBET,train,TRACHYPHONUS DARNAUDII
181.0,train/D-ARNAUDS BARBET/029.jpg,D-ARNAUDS BARBET,train,TRACHYPHONUS DARNAUDII
181.0,train/D-ARNAUDS BARBET/019.jpg,D-ARNAUDS BARBET,train,TRACHYPHONUS DARNAUDII
181.0,train/D-ARNAUDS BARBET/044.jpg,D-ARNAUDS BARBET,train,TRACHYPHONUS DARNAUDII
181.0,train/D-ARNAUDS BARBET/025.jpg,D-ARNAUDS BARBET,train,TRACHYPHONUS DARNAUDII
181.0,train/D-ARNAUDS BARBET/049.jpg,D-ARNAUDS BARBET,train,TRACHYPHONUS DARNAUDII
181.0,train/D-ARNAUDS BARBET/026.jpg,D-ARNAUDS BARBET,train,TRACHYPHONUS DARNAUDII
181.0,train/D-ARNAUDS BARBET/047.jpg,D-ARNAUDS BARBET,train,TRACHYPHONUS DARNAUDII
181.0,train/D-ARNAUDS BARBET/065.jpg,D-ARNAUDS BARBET,train,TRACHYPHONUS DARNAUDII
181.0,train/D-ARNAUDS BARBET/067.jpg,D-ARNAUDS BARBET,train,TRACHYPHONUS DARNAUDII
181.0,train/D-ARNAUDS BARBET/114.jpg,D-ARNAUDS BARBET,train,TRACHYPHONUS DARNAUDII
181.0,train/D-ARNAUDS BARBET/061.jpg,D-ARNAUDS BARBET,train,TRACHYPHONUS DARNAUDII
181.0,train/D-ARNAUDS BARBET/113.jpg,D-ARNAUDS BARBET,train,TRACHYPHONUS DARNAUDII
181.0,train/D-ARNAUDS BARBET/069.jpg,D-ARNAUDS BARBET,train,TRACHYPHONUS DARNAUDII
181.0,train/D-ARNAUDS BARBET/070.jpg,D-ARNAUDS BARBET,train,TRACHYPHONUS DARNAUDII
181.0,train/D-ARNAUDS BARBET/072.jpg,D-ARNAUDS BARBET,train,TRACHYPHONUS DARNAUDII
181.0,train/D-ARNAUDS BARBET/075.jpg,D-ARNAUDS BARBET,train,TRACHYPHONUS DARNAUDII
181.0,train/D-ARNAUDS BARBET/068.jpg,D-ARNAUDS BARBET,train,TRACHYPHONUS DARNAUDII
181.0,train/D-ARNAUDS BARBET/086.jpg,D-ARNAUDS BARBET,train,TRACHYPHONUS DARNAUDII
181.0,train/D-ARNAUDS BARBET/071.jpg,D-ARNAUDS BARBET,train,TRACHYPHONUS DARNAUDII
181.0,train/D-ARNAUDS BARBET/076.jpg,D-ARNAUDS BARBET,train,TRACHYPHONUS DARNAUDII
181.0,train/D-ARNAUDS BARBET/111.jpg,D-ARNAUDS BARBET,train,TRACHYPHONUS DARNAUDII
181.0,train/D-ARNAUDS BARBET/073.jpg,D-ARNAUDS BARBET,train,TRACHYPHONUS DARNAUDII
181.0,train/D-ARNAUDS BARBET/112.jpg,D-ARNAUDS BARBET,train,TRACHYPHONUS DARNAUDII
181.0,train/D-ARNAUDS BARBET/066.jpg,D-ARNAUDS BARBET,train,TRACHYPHONUS DARNAUDII
181.0,train/D-ARNAUDS BARBET/084.jpg,D-ARNAUDS BARBET,train,TRACHYPHONUS DARNAUDII
181.0,train/D-ARNAUDS BARBET/062.jpg,D-ARNAUDS BARBET,train,TRACHYPHONUS DARNAUDII
181.0,train/D-ARNAUDS BARBET/032.jpg,D-ARNAUDS BARBET,train,TRACHYPHONUS DARNAUDII
181.0,train/D-ARNAUDS BARBET/077.jpg,D-ARNAUDS BARBET,train,TRACHYPHONUS DARNAUDII
181.0,train/D-ARNAUDS BARBET/078.jpg,D-ARNAUDS BARBET,train,TRACHYPHONUS DARNAUDII
181.0,train/D-ARNAUDS BARBET/085.jpg,D-ARNAUDS BARBET,train,TRACHYPHONUS DARNAUDII
181.0,train/D-ARNAUDS BARBET/079.jpg,D-ARNAUDS BARBET,train,TRACHYPHONUS DARNAUDII
181.0,train/D-ARNAUDS BARBET/080.jpg,D-ARNAUDS BARBET,train,TRACHYPHONUS DARNAUDII
181.0,train/D-ARNAUDS BARBET/088.jpg,D-ARNAUDS BARBET,train,TRACHYPHONUS DARNAUDII
181.0,train/D-ARNAUDS BARBET/082.jpg,D-ARNAUDS BARBET,train,TRACHYPHONUS DARNAUDII
181.0,train/D-ARNAUDS BARBET/081.jpg,D-ARNAUDS BARBET,train,TRACHYPHONUS DARNAUDII
181.0,train/D-ARNAUDS BARBET/087.jpg,D-ARNAUDS BARBET,train,TRACHYPHONUS DARNAUDII
181.0,train/D-ARNAUDS BARBET/117.jpg,D-ARNAUDS BARBET,train,TRACHYPHONUS DARNAUDII
181.0,train/D-ARNAUDS BARBET/002.jpg,D-ARNAUDS BARBET,train,TRACHYPHONUS DARNAUDII
181.0,train/D-ARNAUDS BARBET/027.jpg,D-ARNAUDS BARBET,train,TRACHYPHONUS DARNAUDII
181.0,train/D-ARNAUDS BARBET/094.jpg,D-ARNAUDS BARBET,train,TRACHYPHONUS DARNAUDII
181.0,train/D-ARNAUDS BARBET/098.jpg,D-ARNAUDS BARBET,train,TRACHYPHONUS DARNAUDII
181.0,train/D-ARNAUDS BARBET/099.jpg,D-ARNAUDS BARBET,train,TRACHYPHONUS DARNAUDII
181.0,train/D-ARNAUDS BARBET/100.jpg,D-ARNAUDS BARBET,train,TRACHYPHONUS DARNAUDII
181.0,train/D-ARNAUDS BARBET/101.jpg,D-ARNAUDS BARBET,train,TRACHYPHONUS DARNAUDII
181.0,train/D-ARNAUDS BARBET/102.jpg,D-ARNAUDS BARBET,train,TRACHYPHONUS DARNAUDII
181.0,train/D-ARNAUDS BARBET/103.jpg,D-ARNAUDS BARBET,train,TRACHYPHONUS DARNAUDII
181.0,train/D-ARNAUDS BARBET/060.jpg,D-ARNAUDS BARBET,train,TRACHYPHONUS DARNAUDII
181.0,train/D-ARNAUDS BARBET/104.jpg,D-ARNAUDS BARBET,train,TRACHYPHONUS DARNAUDII
181.0,train/D-ARNAUDS BARBET/091.jpg,D-ARNAUDS BARBET,train,TRACHYPHONUS DARNAUDII
181.0,train/D-ARNAUDS BARBET/106.jpg,D-ARNAUDS BARBET,train,TRACHYPHONUS DARNAUDII
181.0,train/D-ARNAUDS BARBET/024.jpg,D-ARNAUDS BARBET,train,TRACHYPHONUS DARNAUDII
181.0,train/D-ARNAUDS BARBET/116.jpg,D-ARNAUDS BARBET,train,TRACHYPHONUS DARNAUDII
181.0,train/D-ARNAUDS BARBET/089.jpg,D-ARNAUDS BARBET,train,TRACHYPHONUS DARNAUDII
181.0,train/D-ARNAUDS BARBET/110.jpg,D-ARNAUDS BARBET,train,TRACHYPHONUS DARNAUDII
181.0,train/D-ARNAUDS BARBET/059.jpg,D-ARNAUDS BARBET,train,TRACHYPHONUS DARNAUDII
181.0,train/D-ARNAUDS BARBET/090.jpg,D-ARNAUDS BARBET,train,TRACHYPHONUS DARNAUDII
181.0,train/D-ARNAUDS BARBET/063.jpg,D-ARNAUDS BARBET,train,TRACHYPHONUS DARNAUDII
181.0,train/D-ARNAUDS BARBET/092.jpg,D-ARNAUDS BARBET,train,TRACHYPHONUS DARNAUDII
181.0,train/D-ARNAUDS BARBET/108.jpg,D-ARNAUDS BARBET,train,TRACHYPHONUS DARNAUDII
181.0,train/D-ARNAUDS BARBET/109.jpg,D-ARNAUDS BARBET,train,TRACHYPHONUS DARNAUDII
181.0,train/D-ARNAUDS BARBET/064.jpg,D-ARNAUDS BARBET,train,TRACHYPHONUS DARNAUDII
181.0,train/D-ARNAUDS BARBET/095.jpg,D-ARNAUDS BARBET,train,TRACHYPHONUS DARNAUDII
181.0,train/D-ARNAUDS BARBET/105.jpg,D-ARNAUDS BARBET,train,TRACHYPHONUS DARNAUDII
181.0,train/D-ARNAUDS BARBET/096.jpg,D-ARNAUDS BARBET,train,TRACHYPHONUS DARNAUDII
181.0,train/D-ARNAUDS BARBET/093.jpg,D-ARNAUDS BARBET,train,TRACHYPHONUS DARNAUDII
181.0,train/D-ARNAUDS BARBET/097.jpg,D-ARNAUDS BARBET,train,TRACHYPHONUS DARNAUDII
181.0,train/D-ARNAUDS BARBET/115.jpg,D-ARNAUDS BARBET,train,TRACHYPHONUS DARNAUDII
181.0,train/D-ARNAUDS BARBET/127.jpg,D-ARNAUDS BARBET,train,TRACHYPHONUS DARNAUDII
181.0,train/D-ARNAUDS BARBET/039.jpg,D-ARNAUDS BARBET,train,TRACHYPHONUS DARNAUDII
181.0,train/D-ARNAUDS BARBET/201.jpg,D-ARNAUDS BARBET,train,TRACHYPHONUS DARNAUDII
181.0,train/D-ARNAUDS BARBET/122.jpg,D-ARNAUDS BARBET,train,TRACHYPHONUS DARNAUDII
181.0,train/D-ARNAUDS BARBET/123.jpg,D-ARNAUDS BARBET,train,TRACHYPHONUS DARNAUDII
181.0,train/D-ARNAUDS BARBET/126.jpg,D-ARNAUDS BARBET,train,TRACHYPHONUS DARNAUDII
181.0,train/D-ARNAUDS BARBET/128.jpg,D-ARNAUDS BARBET,train,TRACHYPHONUS DARNAUDII
181.0,train/D-ARNAUDS BARBET/129.jpg,D-ARNAUDS BARBET,train,TRACHYPHONUS DARNAUDII
181.0,train/D-ARNAUDS BARBET/130.jpg,D-ARNAUDS BARBET,train,TRACHYPHONUS DARNAUDII
181.0,train/D-ARNAUDS BARBET/131.jpg,D-ARNAUDS BARBET,train,TRACHYPHONUS DARNAUDII
181.0,train/D-ARNAUDS BARBET/132.jpg,D-ARNAUDS BARBET,train,TRACHYPHONUS DARNAUDII
181.0,train/D-ARNAUDS BARBET/134.jpg,D-ARNAUDS BARBET,train,TRACHYPHONUS DARNAUDII
181.0,train/D-ARNAUDS BARBET/149.jpg,D-ARNAUDS BARBET,train,TRACHYPHONUS DARNAUDII
181.0,train/D-ARNAUDS BARBET/138.jpg,D-ARNAUDS BARBET,train,TRACHYPHONUS DARNAUDII
181.0,train/D-ARNAUDS BARBET/141.jpg,D-ARNAUDS BARBET,train,TRACHYPHONUS DARNAUDII
181.0,train/D-ARNAUDS BARBET/142.jpg,D-ARNAUDS BARBET,train,TRACHYPHONUS DARNAUDII
181.0,train/D-ARNAUDS BARBET/143.jpg,D-ARNAUDS BARBET,train,TRACHYPHONUS DARNAUDII
181.0,train/D-ARNAUDS BARBET/144.jpg,D-ARNAUDS BARBET,train,TRACHYPHONUS DARNAUDII
181.0,train/D-ARNAUDS BARBET/145.jpg,D-ARNAUDS BARBET,train,TRACHYPHONUS DARNAUDII
181.0,train/D-ARNAUDS BARBET/146.jpg,D-ARNAUDS BARBET,train,TRACHYPHONUS DARNAUDII
181.0,train/D-ARNAUDS BARBET/148.jpg,D-ARNAUDS BARBET,train,TRACHYPHONUS DARNAUDII
181.0,train/D-ARNAUDS BARBET/121.jpg,D-ARNAUDS BARBET,train,TRACHYPHONUS DARNAUDII
181.0,train/D-ARNAUDS BARBET/147.jpg,D-ARNAUDS BARBET,train,TRACHYPHONUS DARNAUDII
181.0,train/D-ARNAUDS BARBET/211.jpg,D-ARNAUDS BARBET,train,TRACHYPHONUS DARNAUDII
181.0,train/D-ARNAUDS BARBET/133.jpg,D-ARNAUDS BARBET,train,TRACHYPHONUS DARNAUDII
181.0,train/D-ARNAUDS BARBET/166.jpg,D-ARNAUDS BARBET,train,TRACHYPHONUS DARNAUDII
181.0,train/D-ARNAUDS BARBET/035.jpg,D-ARNAUDS BARBET,train,TRACHYPHONUS DARNAUDII
181.0,train/D-ARNAUDS BARBET/136.jpg,D-ARNAUDS BARBET,train,TRACHYPHONUS DARNAUDII
181.0,train/D-ARNAUDS BARBET/167.jpg,D-ARNAUDS BARBET,train,TRACHYPHONUS DARNAUDII
181.0,train/D-ARNAUDS BARBET/135.jpg,D-ARNAUDS BARBET,train,TRACHYPHONUS DARNAUDII
181.0,train/D-ARNAUDS BARBET/162.jpg,D-ARNAUDS BARBET,train,TRACHYPHONUS DARNAUDII
181.0,train/D-ARNAUDS BARBET/155.jpg,D-ARNAUDS BARBET,train,TRACHYPHONUS DARNAUDII
181.0,train/D-ARNAUDS BARBET/158.jpg,D-ARNAUDS BARBET,train,TRACHYPHONUS DARNAUDII
181.0,train/D-ARNAUDS BARBET/233.jpg,D-ARNAUDS BARBET,train,TRACHYPHONUS DARNAUDII
181.0,train/D-ARNAUDS BARBET/160.jpg,D-ARNAUDS BARBET,train,TRACHYPHONUS DARNAUDII
181.0,train/D-ARNAUDS BARBET/152.jpg,D-ARNAUDS BARBET,train,TRACHYPHONUS DARNAUDII
181.0,train/D-ARNAUDS BARBET/177.jpg,D-ARNAUDS BARBET,train,TRACHYPHONUS DARNAUDII
181.0,train/D-ARNAUDS BARBET/157.jpg,D-ARNAUDS BARBET,train,TRACHYPHONUS DARNAUDII
181.0,train/D-ARNAUDS BARBET/169.jpg,D-ARNAUDS BARBET,train,TRACHYPHONUS DARNAUDII
181.0,train/D-ARNAUDS BARBET/156.jpg,D-ARNAUDS BARBET,train,TRACHYPHONUS DARNAUDII
181.0,train/D-ARNAUDS BARBET/137.jpg,D-ARNAUDS BARBET,train,TRACHYPHONUS DARNAUDII
181.0,train/D-ARNAUDS BARBET/154.jpg,D-ARNAUDS BARBET,train,TRACHYPHONUS DARNAUDII
181.0,train/D-ARNAUDS BARBET/140.jpg,D-ARNAUDS BARBET,train,TRACHYPHONUS DARNAUDII
181.0,train/D-ARNAUDS BARBET/161.jpg,D-ARNAUDS BARBET,train,TRACHYPHONUS DARNAUDII
181.0,train/D-ARNAUDS BARBET/170.jpg,D-ARNAUDS BARBET,train,TRACHYPHONUS DARNAUDII
181.0,train/D-ARNAUDS BARBET/153.jpg,D-ARNAUDS BARBET,train,TRACHYPHONUS DARNAUDII
181.0,train/D-ARNAUDS BARBET/119.jpg,D-ARNAUDS BARBET,train,TRACHYPHONUS DARNAUDII
181.0,train/D-ARNAUDS BARBET/171.jpg,D-ARNAUDS BARBET,train,TRACHYPHONUS DARNAUDII
181.0,train/D-ARNAUDS BARBET/235.jpg,D-ARNAUDS BARBET,train,TRACHYPHONUS DARNAUDII
181.0,train/D-ARNAUDS BARBET/038.jpg,D-ARNAUDS BARBET,train,TRACHYPHONUS DARNAUDII
181.0,train/D-ARNAUDS BARBET/164.jpg,D-ARNAUDS BARBET,train,TRACHYPHONUS DARNAUDII
181.0,train/D-ARNAUDS BARBET/151.jpg,D-ARNAUDS BARBET,train,TRACHYPHONUS DARNAUDII
181.0,train/D-ARNAUDS BARBET/165.jpg,D-ARNAUDS BARBET,train,TRACHYPHONUS DARNAUDII
181.0,train/D-ARNAUDS BARBET/074.jpg,D-ARNAUDS BARBET,train,TRACHYPHONUS DARNAUDII
181.0,train/D-ARNAUDS BARBET/172.jpg,D-ARNAUDS BARBET,train,TRACHYPHONUS DARNAUDII
181.0,train/D-ARNAUDS BARBET/139.jpg,D-ARNAUDS BARBET,train,TRACHYPHONUS DARNAUDII
181.0,train/D-ARNAUDS BARBET/229.jpg,D-ARNAUDS BARBET,train,TRACHYPHONUS DARNAUDII
181.0,train/D-ARNAUDS BARBET/174.jpg,D-ARNAUDS BARBET,train,TRACHYPHONUS DARNAUDII
181.0,train/D-ARNAUDS BARBET/168.jpg,D-ARNAUDS BARBET,train,TRACHYPHONUS DARNAUDII
181.0,train/D-ARNAUDS BARBET/215.jpg,D-ARNAUDS BARBET,train,TRACHYPHONUS DARNAUDII
181.0,train/D-ARNAUDS BARBET/163.jpg,D-ARNAUDS BARBET,train,TRACHYPHONUS DARNAUDII
181.0,train/D-ARNAUDS BARBET/202.jpg,D-ARNAUDS BARBET,train,TRACHYPHONUS DARNAUDII
181.0,train/D-ARNAUDS BARBET/187.jpg,D-ARNAUDS BARBET,train,TRACHYPHONUS DARNAUDII
181.0,train/D-ARNAUDS BARBET/188.jpg,D-ARNAUDS BARBET,train,TRACHYPHONUS DARNAUDII
181.0,train/D-ARNAUDS BARBET/189.jpg,D-ARNAUDS BARBET,train,TRACHYPHONUS DARNAUDII
181.0,train/D-ARNAUDS BARBET/190.jpg,D-ARNAUDS BARBET,train,TRACHYPHONUS DARNAUDII
181.0,train/D-ARNAUDS BARBET/191.jpg,D-ARNAUDS BARBET,train,TRACHYPHONUS DARNAUDII
181.0,train/D-ARNAUDS BARBET/207.jpg,D-ARNAUDS BARBET,train,TRACHYPHONUS DARNAUDII
181.0,train/D-ARNAUDS BARBET/192.jpg,D-ARNAUDS BARBET,train,TRACHYPHONUS DARNAUDII
181.0,train/D-ARNAUDS BARBET/210.jpg,D-ARNAUDS BARBET,train,TRACHYPHONUS DARNAUDII
181.0,train/D-ARNAUDS BARBET/173.jpg,D-ARNAUDS BARBET,train,TRACHYPHONUS DARNAUDII
181.0,train/D-ARNAUDS BARBET/194.jpg,D-ARNAUDS BARBET,train,TRACHYPHONUS DARNAUDII
181.0,train/D-ARNAUDS BARBET/150.jpg,D-ARNAUDS BARBET,train,TRACHYPHONUS DARNAUDII
181.0,train/D-ARNAUDS BARBET/205.jpg,D-ARNAUDS BARBET,train,TRACHYPHONUS DARNAUDII
181.0,train/D-ARNAUDS BARBET/198.jpg,D-ARNAUDS BARBET,train,TRACHYPHONUS DARNAUDII
181.0,train/D-ARNAUDS BARBET/203.jpg,D-ARNAUDS BARBET,train,TRACHYPHONUS DARNAUDII
181.0,train/D-ARNAUDS BARBET/204.jpg,D-ARNAUDS BARBET,train,TRACHYPHONUS DARNAUDII
181.0,train/D-ARNAUDS BARBET/179.jpg,D-ARNAUDS BARBET,train,TRACHYPHONUS DARNAUDII
181.0,train/D-ARNAUDS BARBET/206.jpg,D-ARNAUDS BARBET,train,TRACHYPHONUS DARNAUDII
181.0,train/D-ARNAUDS BARBET/213.jpg,D-ARNAUDS BARBET,train,TRACHYPHONUS DARNAUDII
181.0,train/D-ARNAUDS BARBET/182.jpg,D-ARNAUDS BARBET,train,TRACHYPHONUS DARNAUDII
181.0,train/D-ARNAUDS BARBET/196.jpg,D-ARNAUDS BARBET,train,TRACHYPHONUS DARNAUDII
181.0,train/D-ARNAUDS BARBET/193.jpg,D-ARNAUDS BARBET,train,TRACHYPHONUS DARNAUDII
181.0,train/D-ARNAUDS BARBET/184.jpg,D-ARNAUDS BARBET,train,TRACHYPHONUS DARNAUDII
181.0,train/D-ARNAUDS BARBET/214.jpg,D-ARNAUDS BARBET,train,TRACHYPHONUS DARNAUDII
181.0,train/D-ARNAUDS BARBET/185.jpg,D-ARNAUDS BARBET,train,TRACHYPHONUS DARNAUDII
181.0,train/D-ARNAUDS BARBET/181.jpg,D-ARNAUDS BARBET,train,TRACHYPHONUS DARNAUDII
181.0,train/D-ARNAUDS BARBET/186.jpg,D-ARNAUDS BARBET,train,TRACHYPHONUS DARNAUDII
181.0,train/D-ARNAUDS BARBET/183.jpg,D-ARNAUDS BARBET,train,TRACHYPHONUS DARNAUDII
181.0,train/D-ARNAUDS BARBET/180.jpg,D-ARNAUDS BARBET,train,TRACHYPHONUS DARNAUDII
181.0,train/D-ARNAUDS BARBET/175.jpg,D-ARNAUDS BARBET,train,TRACHYPHONUS DARNAUDII
181.0,train/D-ARNAUDS BARBET/199.jpg,D-ARNAUDS BARBET,train,TRACHYPHONUS DARNAUDII
181.0,train/D-ARNAUDS BARBET/200.jpg,D-ARNAUDS BARBET,train,TRACHYPHONUS DARNAUDII
181.0,train/D-ARNAUDS BARBET/217.jpg,D-ARNAUDS BARBET,train,TRACHYPHONUS DARNAUDII
181.0,train/D-ARNAUDS BARBET/219.jpg,D-ARNAUDS BARBET,train,TRACHYPHONUS DARNAUDII
181.0,train/D-ARNAUDS BARBET/220.jpg,D-ARNAUDS BARBET,train,TRACHYPHONUS DARNAUDII
181.0,train/D-ARNAUDS BARBET/222.jpg,D-ARNAUDS BARBET,train,TRACHYPHONUS DARNAUDII
181.0,train/D-ARNAUDS BARBET/225.jpg,D-ARNAUDS BARBET,train,TRACHYPHONUS DARNAUDII
181.0,train/D-ARNAUDS BARBET/218.jpg,D-ARNAUDS BARBET,train,TRACHYPHONUS DARNAUDII
181.0,train/D-ARNAUDS BARBET/227.jpg,D-ARNAUDS BARBET,train,TRACHYPHONUS DARNAUDII
181.0,train/D-ARNAUDS BARBET/221.jpg,D-ARNAUDS BARBET,train,TRACHYPHONUS DARNAUDII
181.0,train/D-ARNAUDS BARBET/234.jpg,D-ARNAUDS BARBET,train,TRACHYPHONUS DARNAUDII
181.0,train/D-ARNAUDS BARBET/197.jpg,D-ARNAUDS BARBET,train,TRACHYPHONUS DARNAUDII
181.0,train/D-ARNAUDS BARBET/209.jpg,D-ARNAUDS BARBET,train,TRACHYPHONUS DARNAUDII
181.0,train/D-ARNAUDS BARBET/216.jpg,D-ARNAUDS BARBET,train,TRACHYPHONUS DARNAUDII
181.0,train/D-ARNAUDS BARBET/178.jpg,D-ARNAUDS BARBET,train,TRACHYPHONUS DARNAUDII
181.0,train/D-ARNAUDS BARBET/228.jpg,D-ARNAUDS BARBET,train,TRACHYPHONUS DARNAUDII
181.0,train/D-ARNAUDS BARBET/120.jpg,D-ARNAUDS BARBET,train,TRACHYPHONUS DARNAUDII
181.0,train/D-ARNAUDS BARBET/195.jpg,D-ARNAUDS BARBET,train,TRACHYPHONUS DARNAUDII
181.0,train/D-ARNAUDS BARBET/176.jpg,D-ARNAUDS BARBET,train,TRACHYPHONUS DARNAUDII
181.0,train/D-ARNAUDS BARBET/232.jpg,D-ARNAUDS BARBET,train,TRACHYPHONUS DARNAUDII
181.0,train/D-ARNAUDS BARBET/231.jpg,D-ARNAUDS BARBET,train,TRACHYPHONUS DARNAUDII
181.0,train/D-ARNAUDS BARBET/224.jpg,D-ARNAUDS BARBET,train,TRACHYPHONUS DARNAUDII
181.0,train/D-ARNAUDS BARBET/208.jpg,D-ARNAUDS BARBET,train,TRACHYPHONUS DARNAUDII
181.0,train/D-ARNAUDS BARBET/226.jpg,D-ARNAUDS BARBET,train,TRACHYPHONUS DARNAUDII
181.0,train/D-ARNAUDS BARBET/223.jpg,D-ARNAUDS BARBET,train,TRACHYPHONUS DARNAUDII
181.0,train/D-ARNAUDS BARBET/230.jpg,D-ARNAUDS BARBET,train,TRACHYPHONUS DARNAUDII
181.0,train/D-ARNAUDS BARBET/212.jpg,D-ARNAUDS BARBET,train,TRACHYPHONUS DARNAUDII
286.0,train/HOUSE FINCH/027.jpg,HOUSE FINCH,train,HAEMORHOUS MEXICANUS
286.0,train/HOUSE FINCH/002.jpg,HOUSE FINCH,train,HAEMORHOUS MEXICANUS
286.0,train/HOUSE FINCH/004.jpg,HOUSE FINCH,train,HAEMORHOUS MEXICANUS
286.0,train/HOUSE FINCH/021.jpg,HOUSE FINCH,train,HAEMORHOUS MEXICANUS
286.0,train/HOUSE FINCH/010.jpg,HOUSE FINCH,train,HAEMORHOUS MEXICANUS
286.0,train/HOUSE FINCH/019.jpg,HOUSE FINCH,train,HAEMORHOUS MEXICANUS
286.0,train/HOUSE FINCH/007.jpg,HOUSE FINCH,train,HAEMORHOUS MEXICANUS
286.0,train/HOUSE FINCH/005.jpg,HOUSE FINCH,train,HAEMORHOUS MEXICANUS
286.0,train/HOUSE FINCH/008.jpg,HOUSE FINCH,train,HAEMORHOUS MEXICANUS
286.0,train/HOUSE FINCH/009.jpg,HOUSE FINCH,train,HAEMORHOUS MEXICANUS
286.0,train/HOUSE FINCH/003.jpg,HOUSE FINCH,train,HAEMORHOUS MEXICANUS
286.0,train/HOUSE FINCH/006.jpg,HOUSE FINCH,train,HAEMORHOUS MEXICANUS
286.0,train/HOUSE FINCH/075.jpg,HOUSE FINCH,train,HAEMORHOUS MEXICANUS
286.0,train/HOUSE FINCH/001.jpg,HOUSE FINCH,train,HAEMORHOUS MEXICANUS
286.0,train/HOUSE FINCH/013.jpg,HOUSE FINCH,train,HAEMORHOUS MEXICANUS
286.0,train/HOUSE FINCH/022.jpg,HOUSE FINCH,train,HAEMORHOUS MEXICANUS
286.0,train/HOUSE FINCH/024.jpg,HOUSE FINCH,train,HAEMORHOUS MEXICANUS
286.0,train/HOUSE FINCH/026.jpg,HOUSE FINCH,train,HAEMORHOUS MEXICANUS
286.0,train/HOUSE FINCH/123.jpg,HOUSE FINCH,train,HAEMORHOUS MEXICANUS
286.0,train/HOUSE FINCH/028.jpg,HOUSE FINCH,train,HAEMORHOUS MEXICANUS
286.0,train/HOUSE FINCH/070.jpg,HOUSE FINCH,train,HAEMORHOUS MEXICANUS
286.0,train/HOUSE FINCH/012.jpg,HOUSE FINCH,train,HAEMORHOUS MEXICANUS
286.0,train/HOUSE FINCH/016.jpg,HOUSE FINCH,train,HAEMORHOUS MEXICANUS
286.0,train/HOUSE FINCH/011.jpg,HOUSE FINCH,train,HAEMORHOUS MEXICANUS
286.0,train/HOUSE FINCH/017.jpg,HOUSE FINCH,train,HAEMORHOUS MEXICANUS
286.0,train/HOUSE FINCH/015.jpg,HOUSE FINCH,train,HAEMORHOUS MEXICANUS
286.0,train/HOUSE FINCH/018.jpg,HOUSE FINCH,train,HAEMORHOUS MEXICANUS
286.0,train/HOUSE FINCH/039.jpg,HOUSE FINCH,train,HAEMORHOUS MEXICANUS
286.0,train/HOUSE FINCH/066.jpg,HOUSE FINCH,train,HAEMORHOUS MEXICANUS
286.0,train/HOUSE FINCH/057.jpg,HOUSE FINCH,train,HAEMORHOUS MEXICANUS
286.0,train/HOUSE FINCH/053.jpg,HOUSE FINCH,train,HAEMORHOUS MEXICANUS
286.0,train/HOUSE FINCH/042.jpg,HOUSE FINCH,train,HAEMORHOUS MEXICANUS
286.0,train/HOUSE FINCH/076.jpg,HOUSE FINCH,train,HAEMORHOUS MEXICANUS
286.0,train/HOUSE FINCH/043.jpg,HOUSE FINCH,train,HAEMORHOUS MEXICANUS
286.0,train/HOUSE FINCH/044.jpg,HOUSE FINCH,train,HAEMORHOUS MEXICANUS
286.0,train/HOUSE FINCH/045.jpg,HOUSE FINCH,train,HAEMORHOUS MEXICANUS
286.0,train/HOUSE FINCH/047.jpg,HOUSE FINCH,train,HAEMORHOUS MEXICANUS
286.0,train/HOUSE FINCH/048.jpg,HOUSE FINCH,train,HAEMORHOUS MEXICANUS
286.0,train/HOUSE FINCH/029.jpg,HOUSE FINCH,train,HAEMORHOUS MEXICANUS
286.0,train/HOUSE FINCH/020.jpg,HOUSE FINCH,train,HAEMORHOUS MEXICANUS
286.0,train/HOUSE FINCH/052.jpg,HOUSE FINCH,train,HAEMORHOUS MEXICANUS
286.0,train/HOUSE FINCH/054.jpg,HOUSE FINCH,train,HAEMORHOUS MEXICANUS
286.0,train/HOUSE FINCH/055.jpg,HOUSE FINCH,train,HAEMORHOUS MEXICANUS
286.0,train/HOUSE FINCH/056.jpg,HOUSE FINCH,train,HAEMORHOUS MEXICANUS
286.0,train/HOUSE FINCH/058.jpg,HOUSE FINCH,train,HAEMORHOUS MEXICANUS
286.0,train/HOUSE FINCH/059.jpg,HOUSE FINCH,train,HAEMORHOUS MEXICANUS
286.0,train/HOUSE FINCH/032.jpg,HOUSE FINCH,train,HAEMORHOUS MEXICANUS
286.0,train/HOUSE FINCH/030.jpg,HOUSE FINCH,train,HAEMORHOUS MEXICANUS
286.0,train/HOUSE FINCH/014.jpg,HOUSE FINCH,train,HAEMORHOUS MEXICANUS
286.0,train/HOUSE FINCH/031.jpg,HOUSE FINCH,train,HAEMORHOUS MEXICANUS
286.0,train/HOUSE FINCH/050.jpg,HOUSE FINCH,train,HAEMORHOUS MEXICANUS
286.0,train/HOUSE FINCH/036.jpg,HOUSE FINCH,train,HAEMORHOUS MEXICANUS
286.0,train/HOUSE FINCH/035.jpg,HOUSE FINCH,train,HAEMORHOUS MEXICANUS
286.0,train/HOUSE FINCH/049.jpg,HOUSE FINCH,train,HAEMORHOUS MEXICANUS
286.0,train/HOUSE FINCH/115.jpg,HOUSE FINCH,train,HAEMORHOUS MEXICANUS
286.0,train/HOUSE FINCH/046.jpg,HOUSE FINCH,train,HAEMORHOUS MEXICANUS
286.0,train/HOUSE FINCH/051.jpg,HOUSE FINCH,train,HAEMORHOUS MEXICANUS
286.0,train/HOUSE FINCH/124.jpg,HOUSE FINCH,train,HAEMORHOUS MEXICANUS
286.0,train/HOUSE FINCH/061.jpg,HOUSE FINCH,train,HAEMORHOUS MEXICANUS
286.0,train/HOUSE FINCH/033.jpg,HOUSE FINCH,train,HAEMORHOUS MEXICANUS
286.0,train/HOUSE FINCH/090.jpg,HOUSE FINCH,train,HAEMORHOUS MEXICANUS
286.0,train/HOUSE FINCH/105.jpg,HOUSE FINCH,train,HAEMORHOUS MEXICANUS
286.0,train/HOUSE FINCH/077.jpg,HOUSE FINCH,train,HAEMORHOUS MEXICANUS
286.0,train/HOUSE FINCH/079.jpg,HOUSE FINCH,train,HAEMORHOUS MEXICANUS
286.0,train/HOUSE FINCH/078.jpg,HOUSE FINCH,train,HAEMORHOUS MEXICANUS
286.0,train/HOUSE FINCH/088.jpg,HOUSE FINCH,train,HAEMORHOUS MEXICANUS
286.0,train/HOUSE FINCH/064.jpg,HOUSE FINCH,train,HAEMORHOUS MEXICANUS
286.0,train/HOUSE FINCH/071.jpg,HOUSE FINCH,train,HAEMORHOUS MEXICANUS
286.0,train/HOUSE FINCH/080.jpg,HOUSE FINCH,train,HAEMORHOUS MEXICANUS
286.0,train/HOUSE FINCH/094.jpg,HOUSE FINCH,train,HAEMORHOUS MEXICANUS
286.0,train/HOUSE FINCH/074.jpg,HOUSE FINCH,train,HAEMORHOUS MEXICANUS
286.0,train/HOUSE FINCH/034.jpg,HOUSE FINCH,train,HAEMORHOUS MEXICANUS
286.0,train/HOUSE FINCH/113.jpg,HOUSE FINCH,train,HAEMORHOUS MEXICANUS
286.0,train/HOUSE FINCH/092.jpg,HOUSE FINCH,train,HAEMORHOUS MEXICANUS
286.0,train/HOUSE FINCH/067.jpg,HOUSE FINCH,train,HAEMORHOUS MEXICANUS
286.0,train/HOUSE FINCH/073.jpg,HOUSE FINCH,train,HAEMORHOUS MEXICANUS
286.0,train/HOUSE FINCH/089.jpg,HOUSE FINCH,train,HAEMORHOUS MEXICANUS
286.0,train/HOUSE FINCH/087.jpg,HOUSE FINCH,train,HAEMORHOUS MEXICANUS
286.0,train/HOUSE FINCH/085.jpg,HOUSE FINCH,train,HAEMORHOUS MEXICANUS
286.0,train/HOUSE FINCH/086.jpg,HOUSE FINCH,train,HAEMORHOUS MEXICANUS
286.0,train/HOUSE FINCH/084.jpg,HOUSE FINCH,train,HAEMORHOUS MEXICANUS
286.0,train/HOUSE FINCH/091.jpg,HOUSE FINCH,train,HAEMORHOUS MEXICANUS
286.0,train/HOUSE FINCH/069.jpg,HOUSE FINCH,train,HAEMORHOUS MEXICANUS
286.0,train/HOUSE FINCH/065.jpg,HOUSE FINCH,train,HAEMORHOUS MEXICANUS
286.0,train/HOUSE FINCH/083.jpg,HOUSE FINCH,train,HAEMORHOUS MEXICANUS
286.0,train/HOUSE FINCH/082.jpg,HOUSE FINCH,train,HAEMORHOUS MEXICANUS
286.0,train/HOUSE FINCH/081.jpg,HOUSE FINCH,train,HAEMORHOUS MEXICANUS
286.0,train/HOUSE FINCH/110.jpg,HOUSE FINCH,train,HAEMORHOUS MEXICANUS
286.0,train/HOUSE FINCH/041.jpg,HOUSE FINCH,train,HAEMORHOUS MEXICANUS
286.0,train/HOUSE FINCH/101.jpg,HOUSE FINCH,train,HAEMORHOUS MEXICANUS
286.0,train/HOUSE FINCH/038.jpg,HOUSE FINCH,train,HAEMORHOUS MEXICANUS
286.0,train/HOUSE FINCH/121.jpg,HOUSE FINCH,train,HAEMORHOUS MEXICANUS
286.0,train/HOUSE FINCH/063.jpg,HOUSE FINCH,train,HAEMORHOUS MEXICANUS
286.0,train/HOUSE FINCH/106.jpg,HOUSE FINCH,train,HAEMORHOUS MEXICANUS
286.0,train/HOUSE FINCH/107.jpg,HOUSE FINCH,train,HAEMORHOUS MEXICANUS
286.0,train/HOUSE FINCH/108.jpg,HOUSE FINCH,train,HAEMORHOUS MEXICANUS
286.0,train/HOUSE FINCH/023.jpg,HOUSE FINCH,train,HAEMORHOUS MEXICANUS
286.0,train/HOUSE FINCH/109.jpg,HOUSE FINCH,train,HAEMORHOUS MEXICANUS
286.0,train/HOUSE FINCH/025.jpg,HOUSE FINCH,train,HAEMORHOUS MEXICANUS
286.0,train/HOUSE FINCH/112.jpg,HOUSE FINCH,train,HAEMORHOUS MEXICANUS
286.0,train/HOUSE FINCH/116.jpg,HOUSE FINCH,train,HAEMORHOUS MEXICANUS
286.0,train/HOUSE FINCH/068.jpg,HOUSE FINCH,train,HAEMORHOUS MEXICANUS
286.0,train/HOUSE FINCH/117.jpg,HOUSE FINCH,train,HAEMORHOUS MEXICANUS
286.0,train/HOUSE FINCH/060.jpg,HOUSE FINCH,train,HAEMORHOUS MEXICANUS
286.0,train/HOUSE FINCH/120.jpg,HOUSE FINCH,train,HAEMORHOUS MEXICANUS
286.0,train/HOUSE FINCH/062.jpg,HOUSE FINCH,train,HAEMORHOUS MEXICANUS
286.0,train/HOUSE FINCH/118.jpg,HOUSE FINCH,train,HAEMORHOUS MEXICANUS
286.0,train/HOUSE FINCH/095.jpg,HOUSE FINCH,train,HAEMORHOUS MEXICANUS
286.0,train/HOUSE FINCH/097.jpg,HOUSE FINCH,train,HAEMORHOUS MEXICANUS
286.0,train/HOUSE FINCH/096.jpg,HOUSE FINCH,train,HAEMORHOUS MEXICANUS
286.0,train/HOUSE FINCH/114.jpg,HOUSE FINCH,train,HAEMORHOUS MEXICANUS
286.0,train/HOUSE FINCH/093.jpg,HOUSE FINCH,train,HAEMORHOUS MEXICANUS
286.0,train/HOUSE FINCH/099.jpg,HOUSE FINCH,train,HAEMORHOUS MEXICANUS
286.0,train/HOUSE FINCH/037.jpg,HOUSE FINCH,train,HAEMORHOUS MEXICANUS
286.0,train/HOUSE FINCH/119.jpg,HOUSE FINCH,train,HAEMORHOUS MEXICANUS
286.0,train/HOUSE FINCH/100.jpg,HOUSE FINCH,train,HAEMORHOUS MEXICANUS
286.0,train/HOUSE FINCH/102.jpg,HOUSE FINCH,train,HAEMORHOUS MEXICANUS
286.0,train/HOUSE FINCH/122.jpg,HOUSE FINCH,train,HAEMORHOUS MEXICANUS
286.0,train/HOUSE FINCH/072.jpg,HOUSE FINCH,train,HAEMORHOUS MEXICANUS
286.0,train/HOUSE FINCH/104.jpg,HOUSE FINCH,train,HAEMORHOUS MEXICANUS
286.0,train/HOUSE FINCH/103.jpg,HOUSE FINCH,train,HAEMORHOUS MEXICANUS
286.0,train/HOUSE FINCH/111.jpg,HOUSE FINCH,train,HAEMORHOUS MEXICANUS
286.0,train/HOUSE FINCH/040.jpg,HOUSE FINCH,train,HAEMORHOUS MEXICANUS
286.0,train/HOUSE FINCH/098.jpg,HOUSE FINCH,train,HAEMORHOUS MEXICANUS
286.0,train/HOUSE FINCH/205.jpg,HOUSE FINCH,train,HAEMORHOUS MEXICANUS
286.0,train/HOUSE FINCH/137.jpg,HOUSE FINCH,train,HAEMORHOUS MEXICANUS
286.0,train/HOUSE FINCH/138.jpg,HOUSE FINCH,train,HAEMORHOUS MEXICANUS
286.0,train/HOUSE FINCH/139.jpg,HOUSE FINCH,train,HAEMORHOUS MEXICANUS
286.0,train/HOUSE FINCH/156.jpg,HOUSE FINCH,train,HAEMORHOUS MEXICANUS
286.0,train/HOUSE FINCH/185.jpg,HOUSE FINCH,train,HAEMORHOUS MEXICANUS
286.0,train/HOUSE FINCH/142.jpg,HOUSE FINCH,train,HAEMORHOUS MEXICANUS
286.0,train/HOUSE FINCH/140.jpg,HOUSE FINCH,train,HAEMORHOUS MEXICANUS
286.0,train/HOUSE FINCH/173.jpg,HOUSE FINCH,train,HAEMORHOUS MEXICANUS
286.0,train/HOUSE FINCH/146.jpg,HOUSE FINCH,train,HAEMORHOUS MEXICANUS
286.0,train/HOUSE FINCH/147.jpg,HOUSE FINCH,train,HAEMORHOUS MEXICANUS
286.0,train/HOUSE FINCH/224.jpg,HOUSE FINCH,train,HAEMORHOUS MEXICANUS
286.0,train/HOUSE FINCH/152.jpg,HOUSE FINCH,train,HAEMORHOUS MEXICANUS
286.0,train/HOUSE FINCH/153.jpg,HOUSE FINCH,train,HAEMORHOUS MEXICANUS
286.0,train/HOUSE FINCH/154.jpg,HOUSE FINCH,train,HAEMORHOUS MEXICANUS
286.0,train/HOUSE FINCH/141.jpg,HOUSE FINCH,train,HAEMORHOUS MEXICANUS
286.0,train/HOUSE FINCH/128.jpg,HOUSE FINCH,train,HAEMORHOUS MEXICANUS
286.0,train/HOUSE FINCH/127.jpg,HOUSE FINCH,train,HAEMORHOUS MEXICANUS
286.0,train/HOUSE FINCH/144.jpg,HOUSE FINCH,train,HAEMORHOUS MEXICANUS
286.0,train/HOUSE FINCH/131.jpg,HOUSE FINCH,train,HAEMORHOUS MEXICANUS
286.0,train/HOUSE FINCH/130.jpg,HOUSE FINCH,train,HAEMORHOUS MEXICANUS
286.0,train/HOUSE FINCH/143.jpg,HOUSE FINCH,train,HAEMORHOUS MEXICANUS
286.0,train/HOUSE FINCH/208.jpg,HOUSE FINCH,train,HAEMORHOUS MEXICANUS
286.0,train/HOUSE FINCH/155.jpg,HOUSE FINCH,train,HAEMORHOUS MEXICANUS
286.0,train/HOUSE FINCH/232.jpg,HOUSE FINCH,train,HAEMORHOUS MEXICANUS
286.0,train/HOUSE FINCH/145.jpg,HOUSE FINCH,train,HAEMORHOUS MEXICANUS
286.0,train/HOUSE FINCH/167.jpg,HOUSE FINCH,train,HAEMORHOUS MEXICANUS
286.0,train/HOUSE FINCH/172.jpg,HOUSE FINCH,train,HAEMORHOUS MEXICANUS
286.0,train/HOUSE FINCH/179.jpg,HOUSE FINCH,train,HAEMORHOUS MEXICANUS
286.0,train/HOUSE FINCH/149.jpg,HOUSE FINCH,train,HAEMORHOUS MEXICANUS
286.0,train/HOUSE FINCH/148.jpg,HOUSE FINCH,train,HAEMORHOUS MEXICANUS
286.0,train/HOUSE FINCH/178.jpg,HOUSE FINCH,train,HAEMORHOUS MEXICANUS
286.0,train/HOUSE FINCH/135.jpg,HOUSE FINCH,train,HAEMORHOUS MEXICANUS
286.0,train/HOUSE FINCH/164.jpg,HOUSE FINCH,train,HAEMORHOUS MEXICANUS
286.0,train/HOUSE FINCH/150.jpg,HOUSE FINCH,train,HAEMORHOUS MEXICANUS
286.0,train/HOUSE FINCH/161.jpg,HOUSE FINCH,train,HAEMORHOUS MEXICANUS
286.0,train/HOUSE FINCH/183.jpg,HOUSE FINCH,train,HAEMORHOUS MEXICANUS
286.0,train/HOUSE FINCH/184.jpg,HOUSE FINCH,train,HAEMORHOUS MEXICANUS
286.0,train/HOUSE FINCH/180.jpg,HOUSE FINCH,train,HAEMORHOUS MEXICANUS
286.0,train/HOUSE FINCH/165.jpg,HOUSE FINCH,train,HAEMORHOUS MEXICANUS
286.0,train/HOUSE FINCH/166.jpg,HOUSE FINCH,train,HAEMORHOUS MEXICANUS
286.0,train/HOUSE FINCH/162.jpg,HOUSE FINCH,train,HAEMORHOUS MEXICANUS
286.0,train/HOUSE FINCH/163.jpg,HOUSE FINCH,train,HAEMORHOUS MEXICANUS
286.0,train/HOUSE FINCH/160.jpg,HOUSE FINCH,train,HAEMORHOUS MEXICANUS
286.0,train/HOUSE FINCH/159.jpg,HOUSE FINCH,train,HAEMORHOUS MEXICANUS
286.0,train/HOUSE FINCH/236.jpg,HOUSE FINCH,train,HAEMORHOUS MEXICANUS
286.0,train/HOUSE FINCH/171.jpg,HOUSE FINCH,train,HAEMORHOUS MEXICANUS
286.0,train/HOUSE FINCH/181.jpg,HOUSE FINCH,train,HAEMORHOUS MEXICANUS
286.0,train/HOUSE FINCH/125.jpg,HOUSE FINCH,train,HAEMORHOUS MEXICANUS
286.0,train/HOUSE FINCH/158.jpg,HOUSE FINCH,train,HAEMORHOUS MEXICANUS
286.0,train/HOUSE FINCH/168.jpg,HOUSE FINCH,train,HAEMORHOUS MEXICANUS
286.0,train/HOUSE FINCH/132.jpg,HOUSE FINCH,train,HAEMORHOUS MEXICANUS
286.0,train/HOUSE FINCH/169.jpg,HOUSE FINCH,train,HAEMORHOUS MEXICANUS
286.0,train/HOUSE FINCH/227.jpg,HOUSE FINCH,train,HAEMORHOUS MEXICANUS
286.0,train/HOUSE FINCH/174.jpg,HOUSE FINCH,train,HAEMORHOUS MEXICANUS
286.0,train/HOUSE FINCH/175.jpg,HOUSE FINCH,train,HAEMORHOUS MEXICANUS
286.0,train/HOUSE FINCH/176.jpg,HOUSE FINCH,train,HAEMORHOUS MEXICANUS
286.0,train/HOUSE FINCH/170.jpg,HOUSE FINCH,train,HAEMORHOUS MEXICANUS
286.0,train/HOUSE FINCH/177.jpg,HOUSE FINCH,train,HAEMORHOUS MEXICANUS
286.0,train/HOUSE FINCH/157.jpg,HOUSE FINCH,train,HAEMORHOUS MEXICANUS
286.0,train/HOUSE FINCH/136.jpg,HOUSE FINCH,train,HAEMORHOUS MEXICANUS
286.0,train/HOUSE FINCH/196.jpg,HOUSE FINCH,train,HAEMORHOUS MEXICANUS
286.0,train/HOUSE FINCH/151.jpg,HOUSE FINCH,train,HAEMORHOUS MEXICANUS
286.0,train/HOUSE FINCH/233.jpg,HOUSE FINCH,train,HAEMORHOUS MEXICANUS
286.0,train/HOUSE FINCH/200.jpg,HOUSE FINCH,train,HAEMORHOUS MEXICANUS
286.0,train/HOUSE FINCH/201.jpg,HOUSE FINCH,train,HAEMORHOUS MEXICANUS
286.0,train/HOUSE FINCH/187.jpg,HOUSE FINCH,train,HAEMORHOUS MEXICANUS
286.0,train/HOUSE FINCH/202.jpg,HOUSE FINCH,train,HAEMORHOUS MEXICANUS
286.0,train/HOUSE FINCH/182.jpg,HOUSE FINCH,train,HAEMORHOUS MEXICANUS
286.0,train/HOUSE FINCH/204.jpg,HOUSE FINCH,train,HAEMORHOUS MEXICANUS
286.0,train/HOUSE FINCH/209.jpg,HOUSE FINCH,train,HAEMORHOUS MEXICANUS
286.0,train/HOUSE FINCH/225.jpg,HOUSE FINCH,train,HAEMORHOUS MEXICANUS
286.0,train/HOUSE FINCH/211.jpg,HOUSE FINCH,train,HAEMORHOUS MEXICANUS
286.0,train/HOUSE FINCH/213.jpg,HOUSE FINCH,train,HAEMORHOUS MEXICANUS
286.0,train/HOUSE FINCH/229.jpg,HOUSE FINCH,train,HAEMORHOUS MEXICANUS
286.0,train/HOUSE FINCH/186.jpg,HOUSE FINCH,train,HAEMORHOUS MEXICANUS
286.0,train/HOUSE FINCH/214.jpg,HOUSE FINCH,train,HAEMORHOUS MEXICANUS
286.0,train/HOUSE FINCH/199.jpg,HOUSE FINCH,train,HAEMORHOUS MEXICANUS
286.0,train/HOUSE FINCH/188.jpg,HOUSE FINCH,train,HAEMORHOUS MEXICANUS
286.0,train/HOUSE FINCH/189.jpg,HOUSE FINCH,train,HAEMORHOUS MEXICANUS
286.0,train/HOUSE FINCH/222.jpg,HOUSE FINCH,train,HAEMORHOUS MEXICANUS
286.0,train/HOUSE FINCH/206.jpg,HOUSE FINCH,train,HAEMORHOUS MEXICANUS
286.0,train/HOUSE FINCH/192.jpg,HOUSE FINCH,train,HAEMORHOUS MEXICANUS
286.0,train/HOUSE FINCH/191.jpg,HOUSE FINCH,train,HAEMORHOUS MEXICANUS
286.0,train/HOUSE FINCH/212.jpg,HOUSE FINCH,train,HAEMORHOUS MEXICANUS
286.0,train/HOUSE FINCH/193.jpg,HOUSE FINCH,train,HAEMORHOUS MEXICANUS
286.0,train/HOUSE FINCH/195.jpg,HOUSE FINCH,train,HAEMORHOUS MEXICANUS
286.0,train/HOUSE FINCH/194.jpg,HOUSE FINCH,train,HAEMORHOUS MEXICANUS
286.0,train/HOUSE FINCH/234.jpg,HOUSE FINCH,train,HAEMORHOUS MEXICANUS
286.0,train/HOUSE FINCH/197.jpg,HOUSE FINCH,train,HAEMORHOUS MEXICANUS
286.0,train/HOUSE FINCH/217.jpg,HOUSE FINCH,train,HAEMORHOUS MEXICANUS
286.0,train/HOUSE FINCH/216.jpg,HOUSE FINCH,train,HAEMORHOUS MEXICANUS
286.0,train/HOUSE FINCH/219.jpg,HOUSE FINCH,train,HAEMORHOUS MEXICANUS
286.0,train/HOUSE FINCH/198.jpg,HOUSE FINCH,train,HAEMORHOUS MEXICANUS
286.0,train/HOUSE FINCH/190.jpg,HOUSE FINCH,train,HAEMORHOUS MEXICANUS
286.0,train/HOUSE FINCH/203.jpg,HOUSE FINCH,train,HAEMORHOUS MEXICANUS
286.0,train/HOUSE FINCH/215.jpg,HOUSE FINCH,train,HAEMORHOUS MEXICANUS
286.0,train/HOUSE FINCH/239.jpg,HOUSE FINCH,train,HAEMORHOUS MEXICANUS
286.0,train/HOUSE FINCH/221.jpg,HOUSE FINCH,train,HAEMORHOUS MEXICANUS
286.0,train/HOUSE FINCH/126.jpg,HOUSE FINCH,train,HAEMORHOUS MEXICANUS
286.0,train/HOUSE FINCH/235.jpg,HOUSE FINCH,train,HAEMORHOUS MEXICANUS
286.0,train/HOUSE FINCH/246.jpg,HOUSE FINCH,train,HAEMORHOUS MEXICANUS
286.0,train/HOUSE FINCH/223.jpg,HOUSE FINCH,train,HAEMORHOUS MEXICANUS
286.0,train/HOUSE FINCH/237.jpg,HOUSE FINCH,train,HAEMORHOUS MEXICANUS
286.0,train/HOUSE FINCH/248.jpg,HOUSE FINCH,train,HAEMORHOUS MEXICANUS
286.0,train/HOUSE FINCH/207.jpg,HOUSE FINCH,train,HAEMORHOUS MEXICANUS
286.0,train/HOUSE FINCH/238.jpg,HOUSE FINCH,train,HAEMORHOUS MEXICANUS
286.0,train/HOUSE FINCH/245.jpg,HOUSE FINCH,train,HAEMORHOUS MEXICANUS
286.0,train/HOUSE FINCH/134.jpg,HOUSE FINCH,train,HAEMORHOUS MEXICANUS
286.0,train/HOUSE FINCH/218.jpg,HOUSE FINCH,train,HAEMORHOUS MEXICANUS
286.0,train/HOUSE FINCH/230.jpg,HOUSE FINCH,train,HAEMORHOUS MEXICANUS
286.0,train/HOUSE FINCH/129.jpg,HOUSE FINCH,train,HAEMORHOUS MEXICANUS
286.0,train/HOUSE FINCH/240.jpg,HOUSE FINCH,train,HAEMORHOUS MEXICANUS
286.0,train/HOUSE FINCH/241.jpg,HOUSE FINCH,train,HAEMORHOUS MEXICANUS
286.0,train/HOUSE FINCH/220.jpg,HOUSE FINCH,train,HAEMORHOUS MEXICANUS
286.0,train/HOUSE FINCH/226.jpg,HOUSE FINCH,train,HAEMORHOUS MEXICANUS
286.0,train/HOUSE FINCH/244.jpg,HOUSE FINCH,train,HAEMORHOUS MEXICANUS
286.0,train/HOUSE FINCH/242.jpg,HOUSE FINCH,train,HAEMORHOUS MEXICANUS
286.0,train/HOUSE FINCH/243.jpg,HOUSE FINCH,train,HAEMORHOUS MEXICANUS
286.0,train/HOUSE FINCH/231.jpg,HOUSE FINCH,train,HAEMORHOUS MEXICANUS
286.0,train/HOUSE FINCH/247.jpg,HOUSE FINCH,train,HAEMORHOUS MEXICANUS
286.0,train/HOUSE FINCH/210.jpg,HOUSE FINCH,train,HAEMORHOUS MEXICANUS
286.0,train/HOUSE FINCH/133.jpg,HOUSE FINCH,train,HAEMORHOUS MEXICANUS
286.0,train/HOUSE FINCH/228.jpg,HOUSE FINCH,train,HAEMORHOUS MEXICANUS
367.0,train/OVENBIRD/046.jpg,OVENBIRD,train,SEIURUS AUROCAPILLA
367.0,train/OVENBIRD/008.jpg,OVENBIRD,train,SEIURUS AUROCAPILLA
367.0,train/OVENBIRD/007.jpg,OVENBIRD,train,SEIURUS AUROCAPILLA
367.0,train/OVENBIRD/105.jpg,OVENBIRD,train,SEIURUS AUROCAPILLA
367.0,train/OVENBIRD/017.jpg,OVENBIRD,train,SEIURUS AUROCAPILLA
367.0,train/OVENBIRD/014.jpg,OVENBIRD,train,SEIURUS AUROCAPILLA
367.0,train/OVENBIRD/076.jpg,OVENBIRD,train,SEIURUS AUROCAPILLA
367.0,train/OVENBIRD/048.jpg,OVENBIRD,train,SEIURUS AUROCAPILLA
367.0,train/OVENBIRD/023.jpg,OVENBIRD,train,SEIURUS AUROCAPILLA
367.0,train/OVENBIRD/055.jpg,OVENBIRD,train,SEIURUS AUROCAPILLA
367.0,train/OVENBIRD/146.jpg,OVENBIRD,train,SEIURUS AUROCAPILLA
367.0,train/OVENBIRD/002.jpg,OVENBIRD,train,SEIURUS AUROCAPILLA
367.0,train/OVENBIRD/011.jpg,OVENBIRD,train,SEIURUS AUROCAPILLA
367.0,train/OVENBIRD/019.jpg,OVENBIRD,train,SEIURUS AUROCAPILLA
367.0,train/OVENBIRD/021.jpg,OVENBIRD,train,SEIURUS AUROCAPILLA
367.0,train/OVENBIRD/022.jpg,OVENBIRD,train,SEIURUS AUROCAPILLA
367.0,train/OVENBIRD/024.jpg,OVENBIRD,train,SEIURUS AUROCAPILLA
367.0,train/OVENBIRD/025.jpg,OVENBIRD,train,SEIURUS AUROCAPILLA
367.0,train/OVENBIRD/009.jpg,OVENBIRD,train,SEIURUS AUROCAPILLA
367.0,train/OVENBIRD/020.jpg,OVENBIRD,train,SEIURUS AUROCAPILLA
367.0,train/OVENBIRD/015.jpg,OVENBIRD,train,SEIURUS AUROCAPILLA
367.0,train/OVENBIRD/003.jpg,OVENBIRD,train,SEIURUS AUROCAPILLA
367.0,train/OVENBIRD/016.jpg,OVENBIRD,train,SEIURUS AUROCAPILLA
367.0,train/OVENBIRD/006.jpg,OVENBIRD,train,SEIURUS AUROCAPILLA
367.0,train/OVENBIRD/001.jpg,OVENBIRD,train,SEIURUS AUROCAPILLA
367.0,train/OVENBIRD/012.jpg,OVENBIRD,train,SEIURUS AUROCAPILLA
367.0,train/OVENBIRD/056.jpg,OVENBIRD,train,SEIURUS AUROCAPILLA
367.0,train/OVENBIRD/117.jpg,OVENBIRD,train,SEIURUS AUROCAPILLA
367.0,train/OVENBIRD/043.jpg,OVENBIRD,train,SEIURUS AUROCAPILLA
367.0,train/OVENBIRD/018.jpg,OVENBIRD,train,SEIURUS AUROCAPILLA
367.0,train/OVENBIRD/232.jpg,OVENBIRD,train,SEIURUS AUROCAPILLA
367.0,train/OVENBIRD/035.jpg,OVENBIRD,train,SEIURUS AUROCAPILLA
367.0,train/OVENBIRD/036.jpg,OVENBIRD,train,SEIURUS AUROCAPILLA
367.0,train/OVENBIRD/037.jpg,OVENBIRD,train,SEIURUS AUROCAPILLA
367.0,train/OVENBIRD/038.jpg,OVENBIRD,train,SEIURUS AUROCAPILLA
367.0,train/OVENBIRD/039.jpg,OVENBIRD,train,SEIURUS AUROCAPILLA
367.0,train/OVENBIRD/041.jpg,OVENBIRD,train,SEIURUS AUROCAPILLA
367.0,train/OVENBIRD/026.jpg,OVENBIRD,train,SEIURUS AUROCAPILLA
367.0,train/OVENBIRD/010.jpg,OVENBIRD,train,SEIURUS AUROCAPILLA
367.0,train/OVENBIRD/047.jpg,OVENBIRD,train,SEIURUS AUROCAPILLA
367.0,train/OVENBIRD/116.jpg,OVENBIRD,train,SEIURUS AUROCAPILLA
367.0,train/OVENBIRD/045.jpg,OVENBIRD,train,SEIURUS AUROCAPILLA
367.0,train/OVENBIRD/049.jpg,OVENBIRD,train,SEIURUS AUROCAPILLA
367.0,train/OVENBIRD/053.jpg,OVENBIRD,train,SEIURUS AUROCAPILLA
367.0,train/OVENBIRD/054.jpg,OVENBIRD,train,SEIURUS AUROCAPILLA
367.0,train/OVENBIRD/029.jpg,OVENBIRD,train,SEIURUS AUROCAPILLA
367.0,train/OVENBIRD/028.jpg,OVENBIRD,train,SEIURUS AUROCAPILLA
367.0,train/OVENBIRD/044.jpg,OVENBIRD,train,SEIURUS AUROCAPILLA
367.0,train/OVENBIRD/027.jpg,OVENBIRD,train,SEIURUS AUROCAPILLA
367.0,train/OVENBIRD/032.jpg,OVENBIRD,train,SEIURUS AUROCAPILLA
367.0,train/OVENBIRD/040.jpg,OVENBIRD,train,SEIURUS AUROCAPILLA
367.0,train/OVENBIRD/004.jpg,OVENBIRD,train,SEIURUS AUROCAPILLA
367.0,train/OVENBIRD/042.jpg,OVENBIRD,train,SEIURUS AUROCAPILLA
367.0,train/OVENBIRD/050.jpg,OVENBIRD,train,SEIURUS AUROCAPILLA
367.0,train/OVENBIRD/034.jpg,OVENBIRD,train,SEIURUS AUROCAPILLA
367.0,train/OVENBIRD/052.jpg,OVENBIRD,train,SEIURUS AUROCAPILLA
367.0,train/OVENBIRD/081.jpg,OVENBIRD,train,SEIURUS AUROCAPILLA
367.0,train/OVENBIRD/030.jpg,OVENBIRD,train,SEIURUS AUROCAPILLA
367.0,train/OVENBIRD/066.jpg,OVENBIRD,train,SEIURUS AUROCAPILLA
367.0,train/OVENBIRD/060.jpg,OVENBIRD,train,SEIURUS AUROCAPILLA
367.0,train/OVENBIRD/069.jpg,OVENBIRD,train,SEIURUS AUROCAPILLA
367.0,train/OVENBIRD/064.jpg,OVENBIRD,train,SEIURUS AUROCAPILLA
367.0,train/OVENBIRD/061.jpg,OVENBIRD,train,SEIURUS AUROCAPILLA
367.0,train/OVENBIRD/072.jpg,OVENBIRD,train,SEIURUS AUROCAPILLA
367.0,train/OVENBIRD/057.jpg,OVENBIRD,train,SEIURUS AUROCAPILLA
367.0,train/OVENBIRD/065.jpg,OVENBIRD,train,SEIURUS AUROCAPILLA
367.0,train/OVENBIRD/107.jpg,OVENBIRD,train,SEIURUS AUROCAPILLA
367.0,train/OVENBIRD/088.jpg,OVENBIRD,train,SEIURUS AUROCAPILLA
367.0,train/OVENBIRD/068.jpg,OVENBIRD,train,SEIURUS AUROCAPILLA
367.0,train/OVENBIRD/086.jpg,OVENBIRD,train,SEIURUS AUROCAPILLA
367.0,train/OVENBIRD/084.jpg,OVENBIRD,train,SEIURUS AUROCAPILLA
367.0,train/OVENBIRD/071.jpg,OVENBIRD,train,SEIURUS AUROCAPILLA
367.0,train/OVENBIRD/067.jpg,OVENBIRD,train,SEIURUS AUROCAPILLA
367.0,train/OVENBIRD/033.jpg,OVENBIRD,train,SEIURUS AUROCAPILLA
367.0,train/OVENBIRD/077.jpg,OVENBIRD,train,SEIURUS AUROCAPILLA
367.0,train/OVENBIRD/115.jpg,OVENBIRD,train,SEIURUS AUROCAPILLA
367.0,train/OVENBIRD/080.jpg,OVENBIRD,train,SEIURUS AUROCAPILLA
367.0,train/OVENBIRD/082.jpg,OVENBIRD,train,SEIURUS AUROCAPILLA
367.0,train/OVENBIRD/074.jpg,OVENBIRD,train,SEIURUS AUROCAPILLA
367.0,train/OVENBIRD/087.jpg,OVENBIRD,train,SEIURUS AUROCAPILLA
367.0,train/OVENBIRD/031.jpg,OVENBIRD,train,SEIURUS AUROCAPILLA
367.0,train/OVENBIRD/078.jpg,OVENBIRD,train,SEIURUS AUROCAPILLA
367.0,train/OVENBIRD/075.jpg,OVENBIRD,train,SEIURUS AUROCAPILLA
367.0,train/OVENBIRD/062.jpg,OVENBIRD,train,SEIURUS AUROCAPILLA
367.0,train/OVENBIRD/112.jpg,OVENBIRD,train,SEIURUS AUROCAPILLA
367.0,train/OVENBIRD/073.jpg,OVENBIRD,train,SEIURUS AUROCAPILLA
367.0,train/OVENBIRD/091.jpg,OVENBIRD,train,SEIURUS AUROCAPILLA
367.0,train/OVENBIRD/110.jpg,OVENBIRD,train,SEIURUS AUROCAPILLA
367.0,train/OVENBIRD/079.jpg,OVENBIRD,train,SEIURUS AUROCAPILLA
367.0,train/OVENBIRD/098.jpg,OVENBIRD,train,SEIURUS AUROCAPILLA
367.0,train/OVENBIRD/099.jpg,OVENBIRD,train,SEIURUS AUROCAPILLA
367.0,train/OVENBIRD/100.jpg,OVENBIRD,train,SEIURUS AUROCAPILLA
367.0,train/OVENBIRD/101.jpg,OVENBIRD,train,SEIURUS AUROCAPILLA
367.0,train/OVENBIRD/063.jpg,OVENBIRD,train,SEIURUS AUROCAPILLA
367.0,train/OVENBIRD/102.jpg,OVENBIRD,train,SEIURUS AUROCAPILLA
367.0,train/OVENBIRD/059.jpg,OVENBIRD,train,SEIURUS AUROCAPILLA
367.0,train/OVENBIRD/104.jpg,OVENBIRD,train,SEIURUS AUROCAPILLA
367.0,train/OVENBIRD/092.jpg,OVENBIRD,train,SEIURUS AUROCAPILLA
367.0,train/OVENBIRD/106.jpg,OVENBIRD,train,SEIURUS AUROCAPILLA
367.0,train/OVENBIRD/094.jpg,OVENBIRD,train,SEIURUS AUROCAPILLA
367.0,train/OVENBIRD/005.jpg,OVENBIRD,train,SEIURUS AUROCAPILLA
367.0,train/OVENBIRD/097.jpg,OVENBIRD,train,SEIURUS AUROCAPILLA
367.0,train/OVENBIRD/111.jpg,OVENBIRD,train,SEIURUS AUROCAPILLA
367.0,train/OVENBIRD/113.jpg,OVENBIRD,train,SEIURUS AUROCAPILLA
367.0,train/OVENBIRD/114.jpg,OVENBIRD,train,SEIURUS AUROCAPILLA
367.0,train/OVENBIRD/103.jpg,OVENBIRD,train,SEIURUS AUROCAPILLA
367.0,train/OVENBIRD/058.jpg,OVENBIRD,train,SEIURUS AUROCAPILLA
367.0,train/OVENBIRD/070.jpg,OVENBIRD,train,SEIURUS AUROCAPILLA
367.0,train/OVENBIRD/093.jpg,OVENBIRD,train,SEIURUS AUROCAPILLA
367.0,train/OVENBIRD/090.jpg,OVENBIRD,train,SEIURUS AUROCAPILLA
367.0,train/OVENBIRD/095.jpg,OVENBIRD,train,SEIURUS AUROCAPILLA
367.0,train/OVENBIRD/089.jpg,OVENBIRD,train,SEIURUS AUROCAPILLA
367.0,train/OVENBIRD/109.jpg,OVENBIRD,train,SEIURUS AUROCAPILLA
367.0,train/OVENBIRD/096.jpg,OVENBIRD,train,SEIURUS AUROCAPILLA
367.0,train/OVENBIRD/108.jpg,OVENBIRD,train,SEIURUS AUROCAPILLA
367.0,train/OVENBIRD/013.jpg,OVENBIRD,train,SEIURUS AUROCAPILLA
367.0,train/OVENBIRD/085.jpg,OVENBIRD,train,SEIURUS AUROCAPILLA
367.0,train/OVENBIRD/197.jpg,OVENBIRD,train,SEIURUS AUROCAPILLA
367.0,train/OVENBIRD/209.jpg,OVENBIRD,train,SEIURUS AUROCAPILLA
367.0,train/OVENBIRD/122.jpg,OVENBIRD,train,SEIURUS AUROCAPILLA
367.0,train/OVENBIRD/123.jpg,OVENBIRD,train,SEIURUS AUROCAPILLA
367.0,train/OVENBIRD/124.jpg,OVENBIRD,train,SEIURUS AUROCAPILLA
367.0,train/OVENBIRD/125.jpg,OVENBIRD,train,SEIURUS AUROCAPILLA
367.0,train/OVENBIRD/126.jpg,OVENBIRD,train,SEIURUS AUROCAPILLA
367.0,train/OVENBIRD/127.jpg,OVENBIRD,train,SEIURUS AUROCAPILLA
367.0,train/OVENBIRD/128.jpg,OVENBIRD,train,SEIURUS AUROCAPILLA
367.0,train/OVENBIRD/161.jpg,OVENBIRD,train,SEIURUS AUROCAPILLA
367.0,train/OVENBIRD/131.jpg,OVENBIRD,train,SEIURUS AUROCAPILLA
367.0,train/OVENBIRD/136.jpg,OVENBIRD,train,SEIURUS AUROCAPILLA
367.0,train/OVENBIRD/083.jpg,OVENBIRD,train,SEIURUS AUROCAPILLA
367.0,train/OVENBIRD/138.jpg,OVENBIRD,train,SEIURUS AUROCAPILLA
367.0,train/OVENBIRD/140.jpg,OVENBIRD,train,SEIURUS AUROCAPILLA
367.0,train/OVENBIRD/142.jpg,OVENBIRD,train,SEIURUS AUROCAPILLA
367.0,train/OVENBIRD/143.jpg,OVENBIRD,train,SEIURUS AUROCAPILLA
367.0,train/OVENBIRD/144.jpg,OVENBIRD,train,SEIURUS AUROCAPILLA
367.0,train/OVENBIRD/129.jpg,OVENBIRD,train,SEIURUS AUROCAPILLA
367.0,train/OVENBIRD/134.jpg,OVENBIRD,train,SEIURUS AUROCAPILLA
367.0,train/OVENBIRD/120.jpg,OVENBIRD,train,SEIURUS AUROCAPILLA
367.0,train/OVENBIRD/135.jpg,OVENBIRD,train,SEIURUS AUROCAPILLA
367.0,train/OVENBIRD/133.jpg,OVENBIRD,train,SEIURUS AUROCAPILLA
367.0,train/OVENBIRD/137.jpg,OVENBIRD,train,SEIURUS AUROCAPILLA
367.0,train/OVENBIRD/163.jpg,OVENBIRD,train,SEIURUS AUROCAPILLA
367.0,train/OVENBIRD/148.jpg,OVENBIRD,train,SEIURUS AUROCAPILLA
367.0,train/OVENBIRD/121.jpg,OVENBIRD,train,SEIURUS AUROCAPILLA
367.0,train/OVENBIRD/147.jpg,OVENBIRD,train,SEIURUS AUROCAPILLA
367.0,train/OVENBIRD/132.jpg,OVENBIRD,train,SEIURUS AUROCAPILLA
367.0,train/OVENBIRD/154.jpg,OVENBIRD,train,SEIURUS AUROCAPILLA
367.0,train/OVENBIRD/130.jpg,OVENBIRD,train,SEIURUS AUROCAPILLA
367.0,train/OVENBIRD/145.jpg,OVENBIRD,train,SEIURUS AUROCAPILLA
367.0,train/OVENBIRD/155.jpg,OVENBIRD,train,SEIURUS AUROCAPILLA
367.0,train/OVENBIRD/157.jpg,OVENBIRD,train,SEIURUS AUROCAPILLA
367.0,train/OVENBIRD/152.jpg,OVENBIRD,train,SEIURUS AUROCAPILLA
367.0,train/OVENBIRD/164.jpg,OVENBIRD,train,SEIURUS AUROCAPILLA
367.0,train/OVENBIRD/156.jpg,OVENBIRD,train,SEIURUS AUROCAPILLA
367.0,train/OVENBIRD/216.jpg,OVENBIRD,train,SEIURUS AUROCAPILLA
367.0,train/OVENBIRD/211.jpg,OVENBIRD,train,SEIURUS AUROCAPILLA
367.0,train/OVENBIRD/233.jpg,OVENBIRD,train,SEIURUS AUROCAPILLA
367.0,train/OVENBIRD/212.jpg,OVENBIRD,train,SEIURUS AUROCAPILLA
367.0,train/OVENBIRD/219.jpg,OVENBIRD,train,SEIURUS AUROCAPILLA
367.0,train/OVENBIRD/139.jpg,OVENBIRD,train,SEIURUS AUROCAPILLA
367.0,train/OVENBIRD/160.jpg,OVENBIRD,train,SEIURUS AUROCAPILLA
367.0,train/OVENBIRD/166.jpg,OVENBIRD,train,SEIURUS AUROCAPILLA
367.0,train/OVENBIRD/167.jpg,OVENBIRD,train,SEIURUS AUROCAPILLA
367.0,train/OVENBIRD/171.jpg,OVENBIRD,train,SEIURUS AUROCAPILLA
367.0,train/OVENBIRD/172.jpg,OVENBIRD,train,SEIURUS AUROCAPILLA
367.0,train/OVENBIRD/158.jpg,OVENBIRD,train,SEIURUS AUROCAPILLA
367.0,train/OVENBIRD/151.jpg,OVENBIRD,train,SEIURUS AUROCAPILLA
367.0,train/OVENBIRD/230.jpg,OVENBIRD,train,SEIURUS AUROCAPILLA
367.0,train/OVENBIRD/173.jpg,OVENBIRD,train,SEIURUS AUROCAPILLA
367.0,train/OVENBIRD/170.jpg,OVENBIRD,train,SEIURUS AUROCAPILLA
367.0,train/OVENBIRD/159.jpg,OVENBIRD,train,SEIURUS AUROCAPILLA
367.0,train/OVENBIRD/169.jpg,OVENBIRD,train,SEIURUS AUROCAPILLA
367.0,train/OVENBIRD/149.jpg,OVENBIRD,train,SEIURUS AUROCAPILLA
367.0,train/OVENBIRD/165.jpg,OVENBIRD,train,SEIURUS AUROCAPILLA
367.0,train/OVENBIRD/051.jpg,OVENBIRD,train,SEIURUS AUROCAPILLA
367.0,train/OVENBIRD/150.jpg,OVENBIRD,train,SEIURUS AUROCAPILLA
367.0,train/OVENBIRD/184.jpg,OVENBIRD,train,SEIURUS AUROCAPILLA
367.0,train/OVENBIRD/185.jpg,OVENBIRD,train,SEIURUS AUROCAPILLA
367.0,train/OVENBIRD/186.jpg,OVENBIRD,train,SEIURUS AUROCAPILLA
367.0,train/OVENBIRD/187.jpg,OVENBIRD,train,SEIURUS AUROCAPILLA
367.0,train/OVENBIRD/188.jpg,OVENBIRD,train,SEIURUS AUROCAPILLA
367.0,train/OVENBIRD/189.jpg,OVENBIRD,train,SEIURUS AUROCAPILLA
367.0,train/OVENBIRD/176.jpg,OVENBIRD,train,SEIURUS AUROCAPILLA
367.0,train/OVENBIRD/215.jpg,OVENBIRD,train,SEIURUS AUROCAPILLA
367.0,train/OVENBIRD/190.jpg,OVENBIRD,train,SEIURUS AUROCAPILLA
367.0,train/OVENBIRD/153.jpg,OVENBIRD,train,SEIURUS AUROCAPILLA
367.0,train/OVENBIRD/168.jpg,OVENBIRD,train,SEIURUS AUROCAPILLA
367.0,train/OVENBIRD/183.jpg,OVENBIRD,train,SEIURUS AUROCAPILLA
367.0,train/OVENBIRD/191.jpg,OVENBIRD,train,SEIURUS AUROCAPILLA
367.0,train/OVENBIRD/182.jpg,OVENBIRD,train,SEIURUS AUROCAPILLA
367.0,train/OVENBIRD/198.jpg,OVENBIRD,train,SEIURUS AUROCAPILLA
367.0,train/OVENBIRD/199.jpg,OVENBIRD,train,SEIURUS AUROCAPILLA
367.0,train/OVENBIRD/200.jpg,OVENBIRD,train,SEIURUS AUROCAPILLA
367.0,train/OVENBIRD/202.jpg,OVENBIRD,train,SEIURUS AUROCAPILLA
367.0,train/OVENBIRD/203.jpg,OVENBIRD,train,SEIURUS AUROCAPILLA
367.0,train/OVENBIRD/192.jpg,OVENBIRD,train,SEIURUS AUROCAPILLA
367.0,train/OVENBIRD/179.jpg,OVENBIRD,train,SEIURUS AUROCAPILLA
367.0,train/OVENBIRD/194.jpg,OVENBIRD,train,SEIURUS AUROCAPILLA
367.0,train/OVENBIRD/193.jpg,OVENBIRD,train,SEIURUS AUROCAPILLA
367.0,train/OVENBIRD/210.jpg,OVENBIRD,train,SEIURUS AUROCAPILLA
367.0,train/OVENBIRD/196.jpg,OVENBIRD,train,SEIURUS AUROCAPILLA
367.0,train/OVENBIRD/175.jpg,OVENBIRD,train,SEIURUS AUROCAPILLA
367.0,train/OVENBIRD/225.jpg,OVENBIRD,train,SEIURUS AUROCAPILLA
367.0,train/OVENBIRD/195.jpg,OVENBIRD,train,SEIURUS AUROCAPILLA
367.0,train/OVENBIRD/177.jpg,OVENBIRD,train,SEIURUS AUROCAPILLA
367.0,train/OVENBIRD/178.jpg,OVENBIRD,train,SEIURUS AUROCAPILLA
367.0,train/OVENBIRD/208.jpg,OVENBIRD,train,SEIURUS AUROCAPILLA
367.0,train/OVENBIRD/181.jpg,OVENBIRD,train,SEIURUS AUROCAPILLA
367.0,train/OVENBIRD/218.jpg,OVENBIRD,train,SEIURUS AUROCAPILLA
367.0,train/OVENBIRD/118.jpg,OVENBIRD,train,SEIURUS AUROCAPILLA
367.0,train/OVENBIRD/213.jpg,OVENBIRD,train,SEIURUS AUROCAPILLA
367.0,train/OVENBIRD/222.jpg,OVENBIRD,train,SEIURUS AUROCAPILLA
367.0,train/OVENBIRD/221.jpg,OVENBIRD,train,SEIURUS AUROCAPILLA
367.0,train/OVENBIRD/119.jpg,OVENBIRD,train,SEIURUS AUROCAPILLA
367.0,train/OVENBIRD/217.jpg,OVENBIRD,train,SEIURUS AUROCAPILLA
367.0,train/OVENBIRD/228.jpg,OVENBIRD,train,SEIURUS AUROCAPILLA
367.0,train/OVENBIRD/214.jpg,OVENBIRD,train,SEIURUS AUROCAPILLA
367.0,train/OVENBIRD/231.jpg,OVENBIRD,train,SEIURUS AUROCAPILLA
367.0,train/OVENBIRD/174.jpg,OVENBIRD,train,SEIURUS AUROCAPILLA
367.0,train/OVENBIRD/220.jpg,OVENBIRD,train,SEIURUS AUROCAPILLA
367.0,train/OVENBIRD/204.jpg,OVENBIRD,train,SEIURUS AUROCAPILLA
367.0,train/OVENBIRD/180.jpg,OVENBIRD,train,SEIURUS AUROCAPILLA
367.0,train/OVENBIRD/141.jpg,OVENBIRD,train,SEIURUS AUROCAPILLA
367.0,train/OVENBIRD/201.jpg,OVENBIRD,train,SEIURUS AUROCAPILLA
367.0,train/OVENBIRD/223.jpg,OVENBIRD,train,SEIURUS AUROCAPILLA
367.0,train/OVENBIRD/229.jpg,OVENBIRD,train,SEIURUS AUROCAPILLA
367.0,train/OVENBIRD/206.jpg,OVENBIRD,train,SEIURUS AUROCAPILLA
367.0,train/OVENBIRD/162.jpg,OVENBIRD,train,SEIURUS AUROCAPILLA
367.0,train/OVENBIRD/226.jpg,OVENBIRD,train,SEIURUS AUROCAPILLA
367.0,train/OVENBIRD/207.jpg,OVENBIRD,train,SEIURUS AUROCAPILLA
367.0,train/OVENBIRD/205.jpg,OVENBIRD,train,SEIURUS AUROCAPILLA
367.0,train/OVENBIRD/227.jpg,OVENBIRD,train,SEIURUS AUROCAPILLA
367.0,train/OVENBIRD/224.jpg,OVENBIRD,train,SEIURUS AUROCAPILLA
426.0,train/RUFOUS TREPE/011.jpg,RUFOUS TREPE,train,DENDROCITTA VAGABUNDA
426.0,train/RUFOUS TREPE/005.jpg,RUFOUS TREPE,train,DENDROCITTA VAGABUNDA
426.0,train/RUFOUS TREPE/119.jpg,RUFOUS TREPE,train,DENDROCITTA VAGABUNDA
426.0,train/RUFOUS TREPE/022.jpg,RUFOUS TREPE,train,DENDROCITTA VAGABUNDA
426.0,train/RUFOUS TREPE/064.jpg,RUFOUS TREPE,train,DENDROCITTA VAGABUNDA
426.0,train/RUFOUS TREPE/003.jpg,RUFOUS TREPE,train,DENDROCITTA VAGABUNDA
426.0,train/RUFOUS TREPE/006.jpg,RUFOUS TREPE,train,DENDROCITTA VAGABUNDA
426.0,train/RUFOUS TREPE/009.jpg,RUFOUS TREPE,train,DENDROCITTA VAGABUNDA
426.0,train/RUFOUS TREPE/007.jpg,RUFOUS TREPE,train,DENDROCITTA VAGABUNDA
426.0,train/RUFOUS TREPE/010.jpg,RUFOUS TREPE,train,DENDROCITTA VAGABUNDA
426.0,train/RUFOUS TREPE/013.jpg,RUFOUS TREPE,train,DENDROCITTA VAGABUNDA
426.0,train/RUFOUS TREPE/004.jpg,RUFOUS TREPE,train,DENDROCITTA VAGABUNDA
426.0,train/RUFOUS TREPE/012.jpg,RUFOUS TREPE,train,DENDROCITTA VAGABUNDA
426.0,train/RUFOUS TREPE/008.jpg,RUFOUS TREPE,train,DENDROCITTA VAGABUNDA
426.0,train/RUFOUS TREPE/014.jpg,RUFOUS TREPE,train,DENDROCITTA VAGABUNDA
426.0,train/RUFOUS TREPE/140.jpg,RUFOUS TREPE,train,DENDROCITTA VAGABUNDA
426.0,train/RUFOUS TREPE/020.jpg,RUFOUS TREPE,train,DENDROCITTA VAGABUNDA
426.0,train/RUFOUS TREPE/026.jpg,RUFOUS TREPE,train,DENDROCITTA VAGABUNDA
426.0,train/RUFOUS TREPE/028.jpg,RUFOUS TREPE,train,DENDROCITTA VAGABUNDA
426.0,train/RUFOUS TREPE/001.jpg,RUFOUS TREPE,train,DENDROCITTA VAGABUNDA
426.0,train/RUFOUS TREPE/030.jpg,RUFOUS TREPE,train,DENDROCITTA VAGABUNDA
426.0,train/RUFOUS TREPE/031.jpg,RUFOUS TREPE,train,DENDROCITTA VAGABUNDA
426.0,train/RUFOUS TREPE/065.jpg,RUFOUS TREPE,train,DENDROCITTA VAGABUNDA
426.0,train/RUFOUS TREPE/116.jpg,RUFOUS TREPE,train,DENDROCITTA VAGABUNDA
426.0,train/RUFOUS TREPE/017.jpg,RUFOUS TREPE,train,DENDROCITTA VAGABUNDA
426.0,train/RUFOUS TREPE/002.jpg,RUFOUS TREPE,train,DENDROCITTA VAGABUNDA
426.0,train/RUFOUS TREPE/018.jpg,RUFOUS TREPE,train,DENDROCITTA VAGABUNDA
426.0,train/RUFOUS TREPE/120.jpg,RUFOUS TREPE,train,DENDROCITTA VAGABUNDA
426.0,train/RUFOUS TREPE/025.jpg,RUFOUS TREPE,train,DENDROCITTA VAGABUNDA
426.0,train/RUFOUS TREPE/029.jpg,RUFOUS TREPE,train,DENDROCITTA VAGABUNDA
426.0,train/RUFOUS TREPE/027.jpg,RUFOUS TREPE,train,DENDROCITTA VAGABUNDA
426.0,train/RUFOUS TREPE/050.jpg,RUFOUS TREPE,train,DENDROCITTA VAGABUNDA
426.0,train/RUFOUS TREPE/052.jpg,RUFOUS TREPE,train,DENDROCITTA VAGABUNDA
426.0,train/RUFOUS TREPE/021.jpg,RUFOUS TREPE,train,DENDROCITTA VAGABUNDA
426.0,train/RUFOUS TREPE/131.jpg,RUFOUS TREPE,train,DENDROCITTA VAGABUNDA
426.0,train/RUFOUS TREPE/023.jpg,RUFOUS TREPE,train,DENDROCITTA VAGABUNDA
426.0,train/RUFOUS TREPE/036.jpg,RUFOUS TREPE,train,DENDROCITTA VAGABUNDA
426.0,train/RUFOUS TREPE/037.jpg,RUFOUS TREPE,train,DENDROCITTA VAGABUNDA
426.0,train/RUFOUS TREPE/038.jpg,RUFOUS TREPE,train,DENDROCITTA VAGABUNDA
426.0,train/RUFOUS TREPE/039.jpg,RUFOUS TREPE,train,DENDROCITTA VAGABUNDA
426.0,train/RUFOUS TREPE/041.jpg,RUFOUS TREPE,train,DENDROCITTA VAGABUNDA
426.0,train/RUFOUS TREPE/042.jpg,RUFOUS TREPE,train,DENDROCITTA VAGABUNDA
426.0,train/RUFOUS TREPE/043.jpg,RUFOUS TREPE,train,DENDROCITTA VAGABUNDA
426.0,train/RUFOUS TREPE/044.jpg,RUFOUS TREPE,train,DENDROCITTA VAGABUNDA
426.0,train/RUFOUS TREPE/046.jpg,RUFOUS TREPE,train,DENDROCITTA VAGABUNDA
426.0,train/RUFOUS TREPE/047.jpg,RUFOUS TREPE,train,DENDROCITTA VAGABUNDA
426.0,train/RUFOUS TREPE/054.jpg,RUFOUS TREPE,train,DENDROCITTA VAGABUNDA
426.0,train/RUFOUS TREPE/055.jpg,RUFOUS TREPE,train,DENDROCITTA VAGABUNDA
426.0,train/RUFOUS TREPE/056.jpg,RUFOUS TREPE,train,DENDROCITTA VAGABUNDA
426.0,train/RUFOUS TREPE/057.jpg,RUFOUS TREPE,train,DENDROCITTA VAGABUNDA
426.0,train/RUFOUS TREPE/058.jpg,RUFOUS TREPE,train,DENDROCITTA VAGABUNDA
426.0,train/RUFOUS TREPE/059.jpg,RUFOUS TREPE,train,DENDROCITTA VAGABUNDA
426.0,train/RUFOUS TREPE/060.jpg,RUFOUS TREPE,train,DENDROCITTA VAGABUNDA
426.0,train/RUFOUS TREPE/061.jpg,RUFOUS TREPE,train,DENDROCITTA VAGABUNDA
426.0,train/RUFOUS TREPE/062.jpg,RUFOUS TREPE,train,DENDROCITTA VAGABUNDA
426.0,train/RUFOUS TREPE/063.jpg,RUFOUS TREPE,train,DENDROCITTA VAGABUNDA
426.0,train/RUFOUS TREPE/034.jpg,RUFOUS TREPE,train,DENDROCITTA VAGABUNDA
426.0,train/RUFOUS TREPE/033.jpg,RUFOUS TREPE,train,DENDROCITTA VAGABUNDA
426.0,train/RUFOUS TREPE/032.jpg,RUFOUS TREPE,train,DENDROCITTA VAGABUNDA
426.0,train/RUFOUS TREPE/049.jpg,RUFOUS TREPE,train,DENDROCITTA VAGABUNDA
426.0,train/RUFOUS TREPE/015.jpg,RUFOUS TREPE,train,DENDROCITTA VAGABUNDA
426.0,train/RUFOUS TREPE/051.jpg,RUFOUS TREPE,train,DENDROCITTA VAGABUNDA
426.0,train/RUFOUS TREPE/053.jpg,RUFOUS TREPE,train,DENDROCITTA VAGABUNDA
426.0,train/RUFOUS TREPE/024.jpg,RUFOUS TREPE,train,DENDROCITTA VAGABUNDA
426.0,train/RUFOUS TREPE/078.jpg,RUFOUS TREPE,train,DENDROCITTA VAGABUNDA
426.0,train/RUFOUS TREPE/108.jpg,RUFOUS TREPE,train,DENDROCITTA VAGABUNDA
426.0,train/RUFOUS TREPE/128.jpg,RUFOUS TREPE,train,DENDROCITTA VAGABUNDA
426.0,train/RUFOUS TREPE/077.jpg,RUFOUS TREPE,train,DENDROCITTA VAGABUNDA
426.0,train/RUFOUS TREPE/122.jpg,RUFOUS TREPE,train,DENDROCITTA VAGABUNDA
426.0,train/RUFOUS TREPE/079.jpg,RUFOUS TREPE,train,DENDROCITTA VAGABUNDA
426.0,train/RUFOUS TREPE/073.jpg,RUFOUS TREPE,train,DENDROCITTA VAGABUNDA
426.0,train/RUFOUS TREPE/082.jpg,RUFOUS TREPE,train,DENDROCITTA VAGABUNDA
426.0,train/RUFOUS TREPE/075.jpg,RUFOUS TREPE,train,DENDROCITTA VAGABUNDA
426.0,train/RUFOUS TREPE/094.jpg,RUFOUS TREPE,train,DENDROCITTA VAGABUNDA
426.0,train/RUFOUS TREPE/130.jpg,RUFOUS TREPE,train,DENDROCITTA VAGABUNDA
426.0,train/RUFOUS TREPE/080.jpg,RUFOUS TREPE,train,DENDROCITTA VAGABUNDA
426.0,train/RUFOUS TREPE/068.jpg,RUFOUS TREPE,train,DENDROCITTA VAGABUNDA
426.0,train/RUFOUS TREPE/081.jpg,RUFOUS TREPE,train,DENDROCITTA VAGABUNDA
426.0,train/RUFOUS TREPE/089.jpg,RUFOUS TREPE,train,DENDROCITTA VAGABUNDA
426.0,train/RUFOUS TREPE/083.jpg,RUFOUS TREPE,train,DENDROCITTA VAGABUNDA
426.0,train/RUFOUS TREPE/096.jpg,RUFOUS TREPE,train,DENDROCITTA VAGABUNDA
426.0,train/RUFOUS TREPE/035.jpg,RUFOUS TREPE,train,DENDROCITTA VAGABUNDA
426.0,train/RUFOUS TREPE/067.jpg,RUFOUS TREPE,train,DENDROCITTA VAGABUNDA
426.0,train/RUFOUS TREPE/095.jpg,RUFOUS TREPE,train,DENDROCITTA VAGABUNDA
426.0,train/RUFOUS TREPE/093.jpg,RUFOUS TREPE,train,DENDROCITTA VAGABUNDA
426.0,train/RUFOUS TREPE/092.jpg,RUFOUS TREPE,train,DENDROCITTA VAGABUNDA
426.0,train/RUFOUS TREPE/090.jpg,RUFOUS TREPE,train,DENDROCITTA VAGABUNDA
426.0,train/RUFOUS TREPE/016.jpg,RUFOUS TREPE,train,DENDROCITTA VAGABUNDA
426.0,train/RUFOUS TREPE/091.jpg,RUFOUS TREPE,train,DENDROCITTA VAGABUNDA
426.0,train/RUFOUS TREPE/085.jpg,RUFOUS TREPE,train,DENDROCITTA VAGABUNDA
426.0,train/RUFOUS TREPE/084.jpg,RUFOUS TREPE,train,DENDROCITTA VAGABUNDA
426.0,train/RUFOUS TREPE/072.jpg,RUFOUS TREPE,train,DENDROCITTA VAGABUNDA
426.0,train/RUFOUS TREPE/086.jpg,RUFOUS TREPE,train,DENDROCITTA VAGABUNDA
426.0,train/RUFOUS TREPE/071.jpg,RUFOUS TREPE,train,DENDROCITTA VAGABUNDA
426.0,train/RUFOUS TREPE/087.jpg,RUFOUS TREPE,train,DENDROCITTA VAGABUNDA
426.0,train/RUFOUS TREPE/121.jpg,RUFOUS TREPE,train,DENDROCITTA VAGABUNDA
426.0,train/RUFOUS TREPE/124.jpg,RUFOUS TREPE,train,DENDROCITTA VAGABUNDA
426.0,train/RUFOUS TREPE/069.jpg,RUFOUS TREPE,train,DENDROCITTA VAGABUNDA
426.0,train/RUFOUS TREPE/129.jpg,RUFOUS TREPE,train,DENDROCITTA VAGABUNDA
426.0,train/RUFOUS TREPE/088.jpg,RUFOUS TREPE,train,DENDROCITTA VAGABUNDA
426.0,train/RUFOUS TREPE/109.jpg,RUFOUS TREPE,train,DENDROCITTA VAGABUNDA
426.0,train/RUFOUS TREPE/110.jpg,RUFOUS TREPE,train,DENDROCITTA VAGABUNDA
426.0,train/RUFOUS TREPE/111.jpg,RUFOUS TREPE,train,DENDROCITTA VAGABUNDA
426.0,train/RUFOUS TREPE/112.jpg,RUFOUS TREPE,train,DENDROCITTA VAGABUNDA
426.0,train/RUFOUS TREPE/113.jpg,RUFOUS TREPE,train,DENDROCITTA VAGABUNDA
426.0,train/RUFOUS TREPE/114.jpg,RUFOUS TREPE,train,DENDROCITTA VAGABUNDA
426.0,train/RUFOUS TREPE/019.jpg,RUFOUS TREPE,train,DENDROCITTA VAGABUNDA
426.0,train/RUFOUS TREPE/115.jpg,RUFOUS TREPE,train,DENDROCITTA VAGABUNDA
426.0,train/RUFOUS TREPE/117.jpg,RUFOUS TREPE,train,DENDROCITTA VAGABUNDA
426.0,train/RUFOUS TREPE/097.jpg,RUFOUS TREPE,train,DENDROCITTA VAGABUNDA
426.0,train/RUFOUS TREPE/103.jpg,RUFOUS TREPE,train,DENDROCITTA VAGABUNDA
426.0,train/RUFOUS TREPE/104.jpg,RUFOUS TREPE,train,DENDROCITTA VAGABUNDA
426.0,train/RUFOUS TREPE/102.jpg,RUFOUS TREPE,train,DENDROCITTA VAGABUNDA
426.0,train/RUFOUS TREPE/106.jpg,RUFOUS TREPE,train,DENDROCITTA VAGABUNDA
426.0,train/RUFOUS TREPE/125.jpg,RUFOUS TREPE,train,DENDROCITTA VAGABUNDA
426.0,train/RUFOUS TREPE/127.jpg,RUFOUS TREPE,train,DENDROCITTA VAGABUNDA
426.0,train/RUFOUS TREPE/066.jpg,RUFOUS TREPE,train,DENDROCITTA VAGABUNDA
426.0,train/RUFOUS TREPE/100.jpg,RUFOUS TREPE,train,DENDROCITTA VAGABUNDA
426.0,train/RUFOUS TREPE/070.jpg,RUFOUS TREPE,train,DENDROCITTA VAGABUNDA
426.0,train/RUFOUS TREPE/101.jpg,RUFOUS TREPE,train,DENDROCITTA VAGABUNDA
426.0,train/RUFOUS TREPE/099.jpg,RUFOUS TREPE,train,DENDROCITTA VAGABUNDA
426.0,train/RUFOUS TREPE/048.jpg,RUFOUS TREPE,train,DENDROCITTA VAGABUNDA
426.0,train/RUFOUS TREPE/123.jpg,RUFOUS TREPE,train,DENDROCITTA VAGABUNDA
426.0,train/RUFOUS TREPE/118.jpg,RUFOUS TREPE,train,DENDROCITTA VAGABUNDA
426.0,train/RUFOUS TREPE/074.jpg,RUFOUS TREPE,train,DENDROCITTA VAGABUNDA
426.0,train/RUFOUS TREPE/076.jpg,RUFOUS TREPE,train,DENDROCITTA VAGABUNDA
426.0,train/RUFOUS TREPE/105.jpg,RUFOUS TREPE,train,DENDROCITTA VAGABUNDA
426.0,train/RUFOUS TREPE/107.jpg,RUFOUS TREPE,train,DENDROCITTA VAGABUNDA
426.0,train/RUFOUS TREPE/098.jpg,RUFOUS TREPE,train,DENDROCITTA VAGABUNDA
426.0,train/RUFOUS TREPE/126.jpg,RUFOUS TREPE,train,DENDROCITTA VAGABUNDA
426.0,train/RUFOUS TREPE/146.jpg,RUFOUS TREPE,train,DENDROCITTA VAGABUNDA
426.0,train/RUFOUS TREPE/040.jpg,RUFOUS TREPE,train,DENDROCITTA VAGABUNDA
426.0,train/RUFOUS TREPE/224.jpg,RUFOUS TREPE,train,DENDROCITTA VAGABUNDA
426.0,train/RUFOUS TREPE/198.jpg,RUFOUS TREPE,train,DENDROCITTA VAGABUNDA
426.0,train/RUFOUS TREPE/134.jpg,RUFOUS TREPE,train,DENDROCITTA VAGABUNDA
426.0,train/RUFOUS TREPE/237.jpg,RUFOUS TREPE,train,DENDROCITTA VAGABUNDA
426.0,train/RUFOUS TREPE/135.jpg,RUFOUS TREPE,train,DENDROCITTA VAGABUNDA
426.0,train/RUFOUS TREPE/136.jpg,RUFOUS TREPE,train,DENDROCITTA VAGABUNDA
426.0,train/RUFOUS TREPE/137.jpg,RUFOUS TREPE,train,DENDROCITTA VAGABUNDA
426.0,train/RUFOUS TREPE/138.jpg,RUFOUS TREPE,train,DENDROCITTA VAGABUNDA
426.0,train/RUFOUS TREPE/139.jpg,RUFOUS TREPE,train,DENDROCITTA VAGABUNDA
426.0,train/RUFOUS TREPE/142.jpg,RUFOUS TREPE,train,DENDROCITTA VAGABUNDA
426.0,train/RUFOUS TREPE/143.jpg,RUFOUS TREPE,train,DENDROCITTA VAGABUNDA
426.0,train/RUFOUS TREPE/144.jpg,RUFOUS TREPE,train,DENDROCITTA VAGABUNDA
426.0,train/RUFOUS TREPE/145.jpg,RUFOUS TREPE,train,DENDROCITTA VAGABUNDA
426.0,train/RUFOUS TREPE/255.jpg,RUFOUS TREPE,train,DENDROCITTA VAGABUNDA
426.0,train/RUFOUS TREPE/152.jpg,RUFOUS TREPE,train,DENDROCITTA VAGABUNDA
426.0,train/RUFOUS TREPE/153.jpg,RUFOUS TREPE,train,DENDROCITTA VAGABUNDA
426.0,train/RUFOUS TREPE/154.jpg,RUFOUS TREPE,train,DENDROCITTA VAGABUNDA
426.0,train/RUFOUS TREPE/155.jpg,RUFOUS TREPE,train,DENDROCITTA VAGABUNDA
426.0,train/RUFOUS TREPE/156.jpg,RUFOUS TREPE,train,DENDROCITTA VAGABUNDA
426.0,train/RUFOUS TREPE/157.jpg,RUFOUS TREPE,train,DENDROCITTA VAGABUNDA
426.0,train/RUFOUS TREPE/158.jpg,RUFOUS TREPE,train,DENDROCITTA VAGABUNDA
426.0,train/RUFOUS TREPE/159.jpg,RUFOUS TREPE,train,DENDROCITTA VAGABUNDA
426.0,train/RUFOUS TREPE/160.jpg,RUFOUS TREPE,train,DENDROCITTA VAGABUNDA
426.0,train/RUFOUS TREPE/161.jpg,RUFOUS TREPE,train,DENDROCITTA VAGABUNDA
426.0,train/RUFOUS TREPE/162.jpg,RUFOUS TREPE,train,DENDROCITTA VAGABUNDA
426.0,train/RUFOUS TREPE/163.jpg,RUFOUS TREPE,train,DENDROCITTA VAGABUNDA
426.0,train/RUFOUS TREPE/197.jpg,RUFOUS TREPE,train,DENDROCITTA VAGABUNDA
426.0,train/RUFOUS TREPE/186.jpg,RUFOUS TREPE,train,DENDROCITTA VAGABUNDA
426.0,train/RUFOUS TREPE/238.jpg,RUFOUS TREPE,train,DENDROCITTA VAGABUNDA
426.0,train/RUFOUS TREPE/240.jpg,RUFOUS TREPE,train,DENDROCITTA VAGABUNDA
426.0,train/RUFOUS TREPE/148.jpg,RUFOUS TREPE,train,DENDROCITTA VAGABUNDA
426.0,train/RUFOUS TREPE/166.jpg,RUFOUS TREPE,train,DENDROCITTA VAGABUNDA
426.0,train/RUFOUS TREPE/150.jpg,RUFOUS TREPE,train,DENDROCITTA VAGABUNDA
426.0,train/RUFOUS TREPE/151.jpg,RUFOUS TREPE,train,DENDROCITTA VAGABUNDA
426.0,train/RUFOUS TREPE/173.jpg,RUFOUS TREPE,train,DENDROCITTA VAGABUNDA
426.0,train/RUFOUS TREPE/172.jpg,RUFOUS TREPE,train,DENDROCITTA VAGABUNDA
426.0,train/RUFOUS TREPE/180.jpg,RUFOUS TREPE,train,DENDROCITTA VAGABUNDA
426.0,train/RUFOUS TREPE/178.jpg,RUFOUS TREPE,train,DENDROCITTA VAGABUNDA
426.0,train/RUFOUS TREPE/177.jpg,RUFOUS TREPE,train,DENDROCITTA VAGABUNDA
426.0,train/RUFOUS TREPE/174.jpg,RUFOUS TREPE,train,DENDROCITTA VAGABUNDA
426.0,train/RUFOUS TREPE/169.jpg,RUFOUS TREPE,train,DENDROCITTA VAGABUNDA
426.0,train/RUFOUS TREPE/176.jpg,RUFOUS TREPE,train,DENDROCITTA VAGABUNDA
426.0,train/RUFOUS TREPE/171.jpg,RUFOUS TREPE,train,DENDROCITTA VAGABUNDA
426.0,train/RUFOUS TREPE/175.jpg,RUFOUS TREPE,train,DENDROCITTA VAGABUNDA
426.0,train/RUFOUS TREPE/181.jpg,RUFOUS TREPE,train,DENDROCITTA VAGABUNDA
426.0,train/RUFOUS TREPE/179.jpg,RUFOUS TREPE,train,DENDROCITTA VAGABUNDA
426.0,train/RUFOUS TREPE/170.jpg,RUFOUS TREPE,train,DENDROCITTA VAGABUNDA
426.0,train/RUFOUS TREPE/189.jpg,RUFOUS TREPE,train,DENDROCITTA VAGABUNDA
426.0,train/RUFOUS TREPE/241.jpg,RUFOUS TREPE,train,DENDROCITTA VAGABUNDA
426.0,train/RUFOUS TREPE/195.jpg,RUFOUS TREPE,train,DENDROCITTA VAGABUNDA
426.0,train/RUFOUS TREPE/185.jpg,RUFOUS TREPE,train,DENDROCITTA VAGABUNDA
426.0,train/RUFOUS TREPE/254.jpg,RUFOUS TREPE,train,DENDROCITTA VAGABUNDA
426.0,train/RUFOUS TREPE/164.jpg,RUFOUS TREPE,train,DENDROCITTA VAGABUNDA
426.0,train/RUFOUS TREPE/191.jpg,RUFOUS TREPE,train,DENDROCITTA VAGABUNDA
426.0,train/RUFOUS TREPE/167.jpg,RUFOUS TREPE,train,DENDROCITTA VAGABUNDA
426.0,train/RUFOUS TREPE/196.jpg,RUFOUS TREPE,train,DENDROCITTA VAGABUNDA
426.0,train/RUFOUS TREPE/168.jpg,RUFOUS TREPE,train,DENDROCITTA VAGABUNDA
426.0,train/RUFOUS TREPE/182.jpg,RUFOUS TREPE,train,DENDROCITTA VAGABUNDA
426.0,train/RUFOUS TREPE/183.jpg,RUFOUS TREPE,train,DENDROCITTA VAGABUNDA
426.0,train/RUFOUS TREPE/147.jpg,RUFOUS TREPE,train,DENDROCITTA VAGABUNDA
426.0,train/RUFOUS TREPE/193.jpg,RUFOUS TREPE,train,DENDROCITTA VAGABUNDA
426.0,train/RUFOUS TREPE/149.jpg,RUFOUS TREPE,train,DENDROCITTA VAGABUNDA
426.0,train/RUFOUS TREPE/192.jpg,RUFOUS TREPE,train,DENDROCITTA VAGABUNDA
426.0,train/RUFOUS TREPE/194.jpg,RUFOUS TREPE,train,DENDROCITTA VAGABUNDA
426.0,train/RUFOUS TREPE/184.jpg,RUFOUS TREPE,train,DENDROCITTA VAGABUNDA
426.0,train/RUFOUS TREPE/245.jpg,RUFOUS TREPE,train,DENDROCITTA VAGABUNDA
426.0,train/RUFOUS TREPE/190.jpg,RUFOUS TREPE,train,DENDROCITTA VAGABUNDA
426.0,train/RUFOUS TREPE/200.jpg,RUFOUS TREPE,train,DENDROCITTA VAGABUNDA
426.0,train/RUFOUS TREPE/210.jpg,RUFOUS TREPE,train,DENDROCITTA VAGABUNDA
426.0,train/RUFOUS TREPE/211.jpg,RUFOUS TREPE,train,DENDROCITTA VAGABUNDA
426.0,train/RUFOUS TREPE/212.jpg,RUFOUS TREPE,train,DENDROCITTA VAGABUNDA
426.0,train/RUFOUS TREPE/213.jpg,RUFOUS TREPE,train,DENDROCITTA VAGABUNDA
426.0,train/RUFOUS TREPE/214.jpg,RUFOUS TREPE,train,DENDROCITTA VAGABUNDA
426.0,train/RUFOUS TREPE/199.jpg,RUFOUS TREPE,train,DENDROCITTA VAGABUNDA
426.0,train/RUFOUS TREPE/215.jpg,RUFOUS TREPE,train,DENDROCITTA VAGABUNDA
426.0,train/RUFOUS TREPE/217.jpg,RUFOUS TREPE,train,DENDROCITTA VAGABUNDA
426.0,train/RUFOUS TREPE/235.jpg,RUFOUS TREPE,train,DENDROCITTA VAGABUNDA
426.0,train/RUFOUS TREPE/188.jpg,RUFOUS TREPE,train,DENDROCITTA VAGABUNDA
426.0,train/RUFOUS TREPE/204.jpg,RUFOUS TREPE,train,DENDROCITTA VAGABUNDA
426.0,train/RUFOUS TREPE/141.jpg,RUFOUS TREPE,train,DENDROCITTA VAGABUNDA
426.0,train/RUFOUS TREPE/132.jpg,RUFOUS TREPE,train,DENDROCITTA VAGABUNDA
426.0,train/RUFOUS TREPE/187.jpg,RUFOUS TREPE,train,DENDROCITTA VAGABUNDA
426.0,train/RUFOUS TREPE/223.jpg,RUFOUS TREPE,train,DENDROCITTA VAGABUNDA
426.0,train/RUFOUS TREPE/226.jpg,RUFOUS TREPE,train,DENDROCITTA VAGABUNDA
426.0,train/RUFOUS TREPE/228.jpg,RUFOUS TREPE,train,DENDROCITTA VAGABUNDA
426.0,train/RUFOUS TREPE/229.jpg,RUFOUS TREPE,train,DENDROCITTA VAGABUNDA
426.0,train/RUFOUS TREPE/230.jpg,RUFOUS TREPE,train,DENDROCITTA VAGABUNDA
426.0,train/RUFOUS TREPE/201.jpg,RUFOUS TREPE,train,DENDROCITTA VAGABUNDA
426.0,train/RUFOUS TREPE/203.jpg,RUFOUS TREPE,train,DENDROCITTA VAGABUNDA
426.0,train/RUFOUS TREPE/220.jpg,RUFOUS TREPE,train,DENDROCITTA VAGABUNDA
426.0,train/RUFOUS TREPE/218.jpg,RUFOUS TREPE,train,DENDROCITTA VAGABUNDA
426.0,train/RUFOUS TREPE/133.jpg,RUFOUS TREPE,train,DENDROCITTA VAGABUNDA
426.0,train/RUFOUS TREPE/206.jpg,RUFOUS TREPE,train,DENDROCITTA VAGABUNDA
426.0,train/RUFOUS TREPE/222.jpg,RUFOUS TREPE,train,DENDROCITTA VAGABUNDA
426.0,train/RUFOUS TREPE/232.jpg,RUFOUS TREPE,train,DENDROCITTA VAGABUNDA
426.0,train/RUFOUS TREPE/208.jpg,RUFOUS TREPE,train,DENDROCITTA VAGABUNDA
426.0,train/RUFOUS TREPE/221.jpg,RUFOUS TREPE,train,DENDROCITTA VAGABUNDA
426.0,train/RUFOUS TREPE/209.jpg,RUFOUS TREPE,train,DENDROCITTA VAGABUNDA
426.0,train/RUFOUS TREPE/207.jpg,RUFOUS TREPE,train,DENDROCITTA VAGABUNDA
426.0,train/RUFOUS TREPE/219.jpg,RUFOUS TREPE,train,DENDROCITTA VAGABUNDA
426.0,train/RUFOUS TREPE/227.jpg,RUFOUS TREPE,train,DENDROCITTA VAGABUNDA
426.0,train/RUFOUS TREPE/244.jpg,RUFOUS TREPE,train,DENDROCITTA VAGABUNDA
426.0,train/RUFOUS TREPE/202.jpg,RUFOUS TREPE,train,DENDROCITTA VAGABUNDA
426.0,train/RUFOUS TREPE/246.jpg,RUFOUS TREPE,train,DENDROCITTA VAGABUNDA
426.0,train/RUFOUS TREPE/248.jpg,RUFOUS TREPE,train,DENDROCITTA VAGABUNDA
426.0,train/RUFOUS TREPE/250.jpg,RUFOUS TREPE,train,DENDROCITTA VAGABUNDA
426.0,train/RUFOUS TREPE/242.jpg,RUFOUS TREPE,train,DENDROCITTA VAGABUNDA
426.0,train/RUFOUS TREPE/243.jpg,RUFOUS TREPE,train,DENDROCITTA VAGABUNDA
426.0,train/RUFOUS TREPE/251.jpg,RUFOUS TREPE,train,DENDROCITTA VAGABUNDA
426.0,train/RUFOUS TREPE/234.jpg,RUFOUS TREPE,train,DENDROCITTA VAGABUNDA
426.0,train/RUFOUS TREPE/247.jpg,RUFOUS TREPE,train,DENDROCITTA VAGABUNDA
426.0,train/RUFOUS TREPE/253.jpg,RUFOUS TREPE,train,DENDROCITTA VAGABUNDA
426.0,train/RUFOUS TREPE/216.jpg,RUFOUS TREPE,train,DENDROCITTA VAGABUNDA
426.0,train/RUFOUS TREPE/249.jpg,RUFOUS TREPE,train,DENDROCITTA VAGABUNDA
426.0,train/RUFOUS TREPE/236.jpg,RUFOUS TREPE,train,DENDROCITTA VAGABUNDA
426.0,train/RUFOUS TREPE/252.jpg,RUFOUS TREPE,train,DENDROCITTA VAGABUNDA
426.0,train/RUFOUS TREPE/231.jpg,RUFOUS TREPE,train,DENDROCITTA VAGABUNDA
426.0,train/RUFOUS TREPE/239.jpg,RUFOUS TREPE,train,DENDROCITTA VAGABUNDA
426.0,train/RUFOUS TREPE/045.jpg,RUFOUS TREPE,train,DENDROCITTA VAGABUNDA
426.0,train/RUFOUS TREPE/260.jpg,RUFOUS TREPE,train,DENDROCITTA VAGABUNDA
426.0,train/RUFOUS TREPE/233.jpg,RUFOUS TREPE,train,DENDROCITTA VAGABUNDA
426.0,train/RUFOUS TREPE/263.jpg,RUFOUS TREPE,train,DENDROCITTA VAGABUNDA
426.0,train/RUFOUS TREPE/205.jpg,RUFOUS TREPE,train,DENDROCITTA VAGABUNDA
426.0,train/RUFOUS TREPE/262.jpg,RUFOUS TREPE,train,DENDROCITTA VAGABUNDA
426.0,train/RUFOUS TREPE/261.jpg,RUFOUS TREPE,train,DENDROCITTA VAGABUNDA
426.0,train/RUFOUS TREPE/258.jpg,RUFOUS TREPE,train,DENDROCITTA VAGABUNDA
426.0,train/RUFOUS TREPE/257.jpg,RUFOUS TREPE,train,DENDROCITTA VAGABUNDA
426.0,train/RUFOUS TREPE/256.jpg,RUFOUS TREPE,train,DENDROCITTA VAGABUNDA
426.0,train/RUFOUS TREPE/259.jpg,RUFOUS TREPE,train,DENDROCITTA VAGABUNDA
426.0,train/RUFOUS TREPE/165.jpg,RUFOUS TREPE,train,DENDROCITTA VAGABUNDA
426.0,train/RUFOUS TREPE/225.jpg,RUFOUS TREPE,train,DENDROCITTA VAGABUNDA
40.0,test/ASIAN GREEN BEE EATER/2.jpg,ASIAN GREEN BEE EATER,test,MEROPS ORIENTALIS
40.0,test/ASIAN GREEN BEE EATER/1.jpg,ASIAN GREEN BEE EATER,test,MEROPS ORIENTALIS
40.0,test/ASIAN GREEN BEE EATER/3.jpg,ASIAN GREEN BEE EATER,test,MEROPS ORIENTALIS
40.0,test/ASIAN GREEN BEE EATER/4.jpg,ASIAN GREEN BEE EATER,test,MEROPS ORIENTALIS
40.0,test/ASIAN GREEN BEE EATER/5.jpg,ASIAN GREEN BEE EATER,test,MEROPS ORIENTALIS
181.0,test/D-ARNAUDS BARBET/5.jpg,D-ARNAUDS BARBET,test,TRACHYPHONUS DARNAUDII
181.0,test/D-ARNAUDS BARBET/4.jpg,D-ARNAUDS BARBET,test,TRACHYPHONUS DARNAUDII
181.0,test/D-ARNAUDS BARBET/3.jpg,D-ARNAUDS BARBET,test,TRACHYPHONUS DARNAUDII
181.0,test/D-ARNAUDS BARBET/2.jpg,D-ARNAUDS BARBET,test,TRACHYPHONUS DARNAUDII
181.0,test/D-ARNAUDS BARBET/1.jpg,D-ARNAUDS BARBET,test,TRACHYPHONUS DARNAUDII
286.0,test/HOUSE FINCH/5.jpg,HOUSE FINCH,test,HAEMORHOUS MEXICANUS
286.0,test/HOUSE FINCH/4.jpg,HOUSE FINCH,test,HAEMORHOUS MEXICANUS
286.0,test/HOUSE FINCH/3.jpg,HOUSE FINCH,test,HAEMORHOUS MEXICANUS
286.0,test/HOUSE FINCH/2.jpg,HOUSE FINCH,test,HAEMORHOUS MEXICANUS
286.0,test/HOUSE FINCH/1.jpg,HOUSE FINCH,test,HAEMORHOUS MEXICANUS
367.0,test/OVENBIRD/5.jpg,OVENBIRD,test,SEIURUS AUROCAPILLA
367.0,test/OVENBIRD/4.jpg,OVENBIRD,test,SEIURUS AUROCAPILLA
367.0,test/OVENBIRD/3.jpg,OVENBIRD,test,SEIURUS AUROCAPILLA
367.0,test/OVENBIRD/2.jpg,OVENBIRD,test,SEIURUS AUROCAPILLA
367.0,test/OVENBIRD/1.jpg,OVENBIRD,test,SEIURUS AUROCAPILLA
426.0,test/RUFOUS TREPE/3.jpg,RUFOUS TREPE,test,DENDROCITTA VAGABUNDA
426.0,test/RUFOUS TREPE/4.jpg,RUFOUS TREPE,test,DENDROCITTA VAGABUNDA
426.0,test/RUFOUS TREPE/5.jpg,RUFOUS TREPE,test,DENDROCITTA VAGABUNDA
426.0,test/RUFOUS TREPE/1.jpg,RUFOUS TREPE,test,DENDROCITTA VAGABUNDA
426.0,test/RUFOUS TREPE/2.jpg,RUFOUS TREPE,test,DENDROCITTA VAGABUNDA
40.0,valid/ASIAN GREEN BEE EATER/2.jpg,ASIAN GREEN BEE EATER,valid,MEROPS ORIENTALIS
40.0,valid/ASIAN GREEN BEE EATER/1.jpg,ASIAN GREEN BEE EATER,valid,MEROPS ORIENTALIS
40.0,valid/ASIAN GREEN BEE EATER/3.jpg,ASIAN GREEN BEE EATER,valid,MEROPS ORIENTALIS
40.0,valid/ASIAN GREEN BEE EATER/4.jpg,ASIAN GREEN BEE EATER,valid,MEROPS ORIENTALIS
40.0,valid/ASIAN GREEN BEE EATER/5.jpg,ASIAN GREEN BEE EATER,valid,MEROPS ORIENTALIS
181.0,valid/D-ARNAUDS BARBET/5.jpg,D-ARNAUDS BARBET,valid,TRACHYPHONUS DARNAUDII
181.0,valid/D-ARNAUDS BARBET/4.jpg,D-ARNAUDS BARBET,valid,TRACHYPHONUS DARNAUDII
181.0,valid/D-ARNAUDS BARBET/3.jpg,D-ARNAUDS BARBET,valid,TRACHYPHONUS DARNAUDII
181.0,valid/D-ARNAUDS BARBET/2.jpg,D-ARNAUDS BARBET,valid,TRACHYPHONUS DARNAUDII
181.0,valid/D-ARNAUDS BARBET/1.jpg,D-ARNAUDS BARBET,valid,TRACHYPHONUS DARNAUDII
286.0,valid/HOUSE FINCH/5.jpg,HOUSE FINCH,valid,HAEMORHOUS MEXICANUS
286.0,valid/HOUSE FINCH/4.jpg,HOUSE FINCH,valid,HAEMORHOUS MEXICANUS
286.0,valid/HOUSE FINCH/3.jpg,HOUSE FINCH,valid,HAEMORHOUS MEXICANUS
286.0,valid/HOUSE FINCH/2.jpg,HOUSE FINCH,valid,HAEMORHOUS MEXICANUS
286.0,valid/HOUSE FINCH/1.jpg,HOUSE FINCH,valid,HAEMORHOUS MEXICANUS
367.0,valid/OVENBIRD/5.jpg,OVENBIRD,valid,SEIURUS AUROCAPILLA
367.0,valid/OVENBIRD/4.jpg,OVENBIRD,valid,SEIURUS AUROCAPILLA
367.0,valid/OVENBIRD/3.jpg,OVENBIRD,valid,SEIURUS AUROCAPILLA
367.0,valid/OVENBIRD/2.jpg,OVENBIRD,valid,SEIURUS AUROCAPILLA
367.0,valid/OVENBIRD/1.jpg,OVENBIRD,valid,SEIURUS AUROCAPILLA
426.0,valid/RUFOUS TREPE/3.jpg,RUFOUS TREPE,valid,DENDROCITTA VAGABUNDA
426.0,valid/RUFOUS TREPE/4.jpg,RUFOUS TREPE,valid,DENDROCITTA VAGABUNDA
426.0,valid/RUFOUS TREPE/5.jpg,RUFOUS TREPE,valid,DENDROCITTA VAGABUNDA
426.0,valid/RUFOUS TREPE/1.jpg,RUFOUS TREPE,valid,DENDROCITTA VAGABUNDA
426.0,valid/RUFOUS TREPE/2.jpg,RUFOUS TREPE,valid,DENDROCITTA VAGABUNDA
